Series Name,Series Code,Country Name,Country Code,2000 [YR2000],2001 [YR2001],2002 [YR2002],2003 [YR2003],2004 [YR2004],2005 [YR2005],2006 [YR2006],2007 [YR2007],2008 [YR2008],2009 [YR2009],2010 [YR2010],2011 [YR2011],2012 [YR2012],2013 [YR2013],2014 [YR2014],2015 [YR2015]
"Population, total",SP.POP.TOTL,Afghanistan,AFG,20779953,21606988,22600770,23680871,24726684,25654277,26433049,27100536,27722276,28394813,29185507,30117413,31161376,32269589,33370794,34413603
"Population, total",SP.POP.TOTL,Albania,ALB,3089027,3060173,3051010,3039616,3026939,3011487,2992547,2970017,2947314,2927519,2913021,2905195,2900401,2895092,2889104,2880703
"Population, total",SP.POP.TOTL,Algeria,DZA,31042235,31451514,31855109,32264157,32692163,33149724,33641002,34166972,34730608,35333881,35977455,36661444,37383887,38140132,38923687,39728025
"Population, total",SP.POP.TOTL,American Samoa,ASM,57821,58494,59080,59504,59681,59562,59107,58365,57492,56683,56079,55759,55667,55713,55791,55812
"Population, total",SP.POP.TOTL,Andorra,AND,65390,67341,70049,73182,76244,78867,80993,82684,83862,84463,84449,83747,82427,80774,79213,78011
"Population, total",SP.POP.TOTL,Angola,AGO,16395473,16945753,17519417,18121479,18758145,19433602,20149901,20905363,21695634,22514281,23356246,24220661,25107931,26015780,26941779,27884381
"Population, total",SP.POP.TOTL,Antigua and Barbuda,ATG,76016,77212,78295,79300,80336,81465,82704,84026,85397,86746,88028,89253,90409,91516,92562,93566
"Population, total",SP.POP.TOTL,Argentina,ARG,36870787,37275652,37681749,38087868,38491972,38892931,39289878,39684295,40080160,40482788,40788453,41261490,41733271,42202935,42669500,43131966
"Population, total",SP.POP.TOTL,Armenia,ARM,3069591,3050687,3033978,3017932,3000720,2981269,2958307,2932618,2907618,2888092,2877319,2876538,2884229,2897584,2912403,2925553
"Population, total",SP.POP.TOTL,Aruba,ABW,90853,92898,94992,97017,98737,100031,100834,101222,101358,101455,101669,102046,102560,103159,103774,104341
"Population, total",SP.POP.TOTL,Australia,AUS,19153000,19413000,19651400,19895400,20127400,20394800,20697900,20827600,21249200,21691700,22031750,22340024,22733465,23128129,23475686,23815995
"Population, total",SP.POP.TOTL,Austria,AUT,8011566,8042293,8081957,8121423,8171966,8227829,8268641,8295487,8321496,8343323,8363404,8391643,8429991,8479823,8546356,8642699
"Population, total",SP.POP.TOTL,Azerbaijan,AZE,8048600,8111200,8171950,8234100,8306500,8391850,8484550,8581300,8763400,8947243,9054332,9173082,9295784,9416801,9535079,9649341
"Population, total",SP.POP.TOTL,"Bahamas, The",BHS,298051,302618,307660,313129,318894,324859,331033,337389,343681,349604,354942,359577,363584,367168,370633,374206
"Population, total",SP.POP.TOTL,Bahrain,BHR,664611,697545,735146,778708,829844,889164,958418,1035919,1114641,1185076,1240860,1278151,1299943,1315029,1336075,1371851
"Population, total",SP.POP.TOTL,Bangladesh,BGD,127657854,130088702,132478086,134791603,136986432,139035505,140921167,142660376,144304167,145924797,147575430,149273778,151007807,152764676,154520167,156256276
"Population, total",SP.POP.TOTL,Barbados,BRB,271515,272500,273425,274329,275284,276323,277477,278700,279946,281104,282131,282987,283700,284296,284825,285324
"Population, total",SP.POP.TOTL,Belarus,BLR,9979610,9928549,9865548,9796749,9730146,9663915,9604924,9560953,9527985,9506765,9490583,9473172,9464495,9465997,9474511,9489616
"Population, total",SP.POP.TOTL,Belgium,BEL,10251250,10286570,10332785,10376133,10421137,10478617,10547958,10625700,10709973,10796493,10895586,11038264,11106932,11159407,11209057,11274196
"Population, total",SP.POP.TOTL,Belize,BLZ,247315,255063,262378,269425,276504,283800,291329,299025,306823,314655,322464,330237,338000,345715,353366,360933
"Population, total",SP.POP.TOTL,Benin,BEN,6865951,7076733,7295394,7520555,7750004,7982225,8216897,8454793,8696921,8944708,9199259,9460830,9729248,10004588,10286842,10575952
"Population, total",SP.POP.TOTL,Bermuda,BMU,61833,62504,62912,63325,63740,64154,64523,64888,65273,65636,65124,64564,64798,65001,65139,65239
"Population, total",SP.POP.TOTL,Bhutan,BTN,591021,603640,616018,627839,638815,648739,657410,664876,671613,678323,685503,693298,701583,710238,719056,727876
"Population, total",SP.POP.TOTL,Bolivia,BOL,8418264,8580235,8742814,8905823,9069039,9232306,9395446,9558439,9721454,9884781,10048590,10212954,10377676,10542376,10706517,10869730
"Population, total",SP.POP.TOTL,Bosnia and Herzegovina,BIH,3751176,3755512,3759387,3762173,3764194,3765331,3765424,3762786,3754271,3735938,3705472,3661175,3604972,3542605,3482104,3429361
"Population, total",SP.POP.TOTL,Botswana,BWA,1643334,1674678,1704642,1734398,1765527,1799078,1835908,1875459,1915639,1953498,1987105,2015402,2039551,2062536,2088614,2120716
"Population, total",SP.POP.TOTL,Brazil,BRA,174790340,177196054,179537520,181809246,184006481,186127103,188167356,190130443,192030362,193886508,195713635,197514534,199287296,201035903,202763735,204471769
"Population, total",SP.POP.TOTL,British Virgin Islands,VGB,20311,20675,21129,21672,22334,23107,24023,25047,26097,27039,27794,28319,28650,28847,28989,29152
"Population, total",SP.POP.TOTL,Brunei Darussalam,BRN,333165,340034,346782,353293,359433,365114,370263,374965,379421,383906,388646,393688,398989,404421,409769,414907
"Population, total",SP.POP.TOTL,Bulgaria,BGR,8170172,8009142,7837161,7775327,7716860,7658972,7601022,7545338,7492561,7444443,7395599,7348328,7305888,7265115,7223938,7177991
"Population, total",SP.POP.TOTL,Burkina Faso,BFA,11607942,11944587,12293100,12654621,13030569,13421930,13829176,14252021,14689725,15141098,15605217,16081911,16571246,17072775,17586017,18110624
"Population, total",SP.POP.TOTL,Burundi,BDI,6378871,6525545,6704113,6909154,7131693,7364862,7607849,7862214,8126102,8397668,8675602,8958406,9245988,9540289,9844297,10160030
"Population, total",SP.POP.TOTL,Cabo Verde,CPV,428188,435709,442951,449930,456617,463032,469170,475060,480842,486671,492654,498856,505235,511748,518269,524743
"Population, total",SP.POP.TOTL,Cambodia,KHM,12155239,12405408,12637727,12856163,13066469,13273354,13477709,13679962,13883834,14093604,14312212,14541423,14780454,15026332,15274503,15521436
"Population, total",SP.POP.TOTL,Cameroon,CMR,15513945,15928910,16357602,16800865,17259322,17733410,18223674,18730282,19252666,19789919,20341241,20906388,21485266,22077298,22681858,23298368
"Population, total",SP.POP.TOTL,Canada,CAN,30685730,31020902,31360079,31644028,31940655,32243753,32571174,32889025,33247118,33628895,34004889,34339328,34714222,35082954,35437435,35702908
"Population, total",SP.POP.TOTL,Cayman Islands,CYM,42303,43935,45351,46632,47902,49261,50740,52280,53836,55322,56672,57878,58958,59932,60848,61724
"Population, total",SP.POP.TOTL,Central African Republic,CAF,3640427,3722018,3802128,3881181,3959875,4038382,4118069,4198010,4273366,4337625,4386768,4418636,4436415,4447942,4464175,4493170
"Population, total",SP.POP.TOTL,Chad,TCD,8355654,8678051,9019233,9373916,9734767,10096633,10457124,10818024,11183588,11560147,11952136,12360989,12784750,13220424,13663559,14110975
"Population, total",SP.POP.TOTL,Channel Islands,CHI,148443,149097,149596,150068,150716,151678,153008,154636,156433,158178,159734,160998,162056,163038,164100,165385
"Population, total",SP.POP.TOTL,Chile,CHL,15342353,15516113,15684409,15849652,16014971,16182721,16354504,16530195,16708258,16886186,17062536,17233576,17400347,17571507,17758959,17969353
"Population, total",SP.POP.TOTL,China,CHN,1262645000,1271850000,1280400000,1288400000,1296075000,1303720000,1311020000,1317885000,1324655000,1331260000,1337705000,1344130000,1350695000,1357380000,1364270000,1371220000
"Population, total",SP.POP.TOTL,Colombia,COL,39629968,40255967,40875360,41483869,42075955,42647723,43200897,43737516,44254975,44750054,45222700,45663099,46076848,46497267,46969209,47520667
"Population, total",SP.POP.TOTL,Comoros,COM,542357,555888,569479,583211,597228,611627,626425,641620,657229,673252,689692,706569,723871,741505,759390,777424
"Population, total",SP.POP.TOTL,"Congo, Dem. Rep.",COD,47105826,48428545,49871666,51425580,53068880,54785903,56578037,58453683,60411195,62448574,64563854,66755153,69020747,71358807,73767447,76244544
"Population, total",SP.POP.TOTL,"Congo, Rep.",COG,3127411,3217933,3310387,3406922,3510468,3622775,3745141,3876119,4011486,4145391,4273731,4394844,4510198,4622761,4736974,4856095
"Population, total",SP.POP.TOTL,Costa Rica,CRI,3962372,4034074,4100925,4164053,4225155,4285502,4345412,4404628,4463125,4520740,4577378,4633086,4688000,4742107,4795396,4847804
"Population, total",SP.POP.TOTL,Cote d'Ivoire,CIV,16454668,16853026,17231539,17599610,17970494,18354514,18754916,19171237,19605569,20059147,20532950,21028655,21547188,22087505,22647683,23226143
"Population, total",SP.POP.TOTL,Croatia,HRV,4468302,4299642,4302174,4303399,4304600,4310145,4311159,4310217,4309705,4305181,4295427,4280622,4267558,4255689,4238389,4203604
"Population, total",SP.POP.TOTL,Cuba,CUB,11126430,11164667,11199651,11229183,11250365,11261582,11261248,11251122,11236971,11226709,11225832,11236670,11257101,11282720,11306902,11324781
"Population, total",SP.POP.TOTL,Curacao,CUW,133860,129047,129205,131897,134192,137658,141239,144056,145880,146833,148703,150831,152088,153822,155909,157980
"Population, total",SP.POP.TOTL,Cyprus,CYP,943290,960276,976964,993563,1010408,1027662,1045507,1063713,1081563,1098083,1112612,1124833,1135046,1143866,1152285,1160985
"Population, total",SP.POP.TOTL,Czech Republic,CZE,10255063,10216605,10196916,10193998,10197101,10211216,10238905,10298828,10384603,10443936,10474410,10496088,10510785,10514272,10525347,10546059
"Population, total",SP.POP.TOTL,Denmark,DNK,5339616,5358783,5375931,5390574,5404523,5419432,5437272,5461438,5493621,5523095,5547683,5570572,5591572,5614932,5643475,5683483
"Population, total",SP.POP.TOTL,Djibouti,DJI,717584,733015,746942,759641,771603,783254,794563,805451,816358,827823,840198,853674,868136,883293,898696,913993
"Population, total",SP.POP.TOTL,Dominica,DMA,69650,69661,69837,70100,70382,70589,70718,70795,70827,70851,70878,70916,70965,71016,71085,71183
"Population, total",SP.POP.TOTL,Dominican Republic,DOM,8471321,8598601,8724975,8850317,8974444,9097257,9218686,9338861,9458075,9576737,9695121,9813210,9930911,10048224,10165178,10281680
"Population, total",SP.POP.TOTL,Ecuador,ECU,12681123,12914667,13143465,13369678,13596388,13825847,14059384,14296557,14535739,14774424,15011117,15243883,15474102,15707474,15951838,16212020
"Population, total",SP.POP.TOTL,"Egypt, Arab Rep.",EGY,68831561,70152661,71485043,72826097,74172073,75523569,76873663,78232126,79636079,81134798,82761235,84529250,86422240,88404640,90424654,92442547
"Population, total",SP.POP.TOTL,El Salvador,SLV,5887936,5927006,5962136,5994077,6023797,6052123,6079399,6105810,6131764,6157686,6183875,6210568,6237923,6266070,6295128,6325124
"Population, total",SP.POP.TOTL,Equatorial Guinea,GNQ,606181,631666,658384,686664,716949,749535,784496,821687,860840,901599,943639,986853,1031191,1076413,1122276,1168568
"Population, total",SP.POP.TOTL,Eritrea,ERI,2292416,2374722,2481058,2600973,2719803,2826659,2918205,2996536,3062779,3119920,3170435,3213972,..,..,..,..
"Population, total",SP.POP.TOTL,Estonia,EST,1396985,1388115,1379350,1370720,1362550,1354775,1346810,1340680,1337090,1334515,1331475,1327439,1322696,1317997,1314545,1315407
"Population, total",SP.POP.TOTL,Ethiopia,ETH,66224804,68159423,70142091,72170584,74239505,76346311,78489206,80674348,82916235,85233913,87639964,90139927,92726971,95385785,98094253,100835458
"Population, total",SP.POP.TOTL,Faroe Islands,FRO,46735,46997,47233,47432,47600,47722,47792,47825,47820,47808,47814,47823,47843,47892,47960,48051
"Population, total",SP.POP.TOTL,Fiji,FJI,811006,813925,815257,816076,817860,821604,827870,836190,845361,853637,859818,863449,865069,865608,866453,868627
"Population, total",SP.POP.TOTL,Finland,FIN,5176209,5188008,5200598,5213014,5228172,5246096,5266268,5288720,5313399,5338871,5363352,5388272,5413971,5438972,5461512,5479531
"Population, total",SP.POP.TOTL,France,FRA,60912500,61357430,61805267,62244886,62704895,63179351,63621381,64016225,64374984,64707040,65027507,65342780,65659809,65998687,66316100,66593366
"Population, total",SP.POP.TOTL,French Polynesia,PYF,240686,244931,248972,252703,255992,258780,261010,262721,264061,265254,266455,267698,268998,270328,271705,273124
"Population, total",SP.POP.TOTL,Gabon,GAB,1228360,1258003,1288315,1319953,1353795,1390549,1430152,1472575,1518540,1568928,1624140,1684635,1749682,1817071,1883800,1947686
"Population, total",SP.POP.TOTL,"Gambia, The",GMB,1317703,1360074,1404261,1449925,1496527,1543741,1591445,1639848,1689285,1740279,1793196,1848147,1905011,1963711,2024042,2085860
"Population, total",SP.POP.TOTL,Georgia,GEO,4077131,4014373,3978515,3951736,3927340,3902469,3880347,3860158,3848449,3814419,3786695,3756441,3728874,3717668,3719414,3725276
"Population, total",SP.POP.TOTL,Germany,DEU,82211508,82349925,82488495,82534176,82516260,82469422,82376451,82266372,82110097,81902307,81776930,80274983,80425823,80645605,80982500,81686611
"Population, total",SP.POP.TOTL,Ghana,GHA,19278856,19756928,20246381,20750299,21272323,21814642,22379055,22963946,23563825,24170940,24779619,25387710,25996449,26607642,27224472,27849205
"Population, total",SP.POP.TOTL,Gibraltar,GIB,31077,31602,32102,32555,32928,33219,33417,33517,33559,33565,33585,33612,33646,33692,33725,33736
"Population, total",SP.POP.TOTL,Greece,GRC,10805808,10862132,10902022,10928070,10955141,10987314,11020362,11048473,11077841,11107017,11121341,11104899,11045011,10965211,10892413,10820883
"Population, total",SP.POP.TOTL,Greenland,GRL,56200,56350,56609,56765,56911,56935,56774,56555,56328,56323,56905,56890,56810,56483,56295,56114
"Population, total",SP.POP.TOTL,Grenada,GRD,102833,103249,103634,104005,104347,104661,104933,105190,105456,105789,106233,106796,107446,108170,108902,109599
"Population, total",SP.POP.TOTL,Guam,GUM,155329,156401,157176,157717,158101,158402,158648,158847,159036,159226,159444,159692,159996,160407,161016,161853
"Population, total",SP.POP.TOTL,Guatemala,GTM,11650743,11924946,12208848,12500478,12796925,13096028,13397021,13700327,14006428,14316263,14630417,14948803,15270778,15595821,15923243,16252429
"Population, total",SP.POP.TOTL,Guinea,GIN,8240730,8417081,8586074,8753093,8925743,9109581,9307425,9518162,9738792,9964469,10192176,10420471,10652029,10892810,11150977,11432088
"Population, total",SP.POP.TOTL,Guinea-Bissau,GNB,1201301,1227106,1254453,1283305,1313492,1344930,1377581,1411543,1446936,1483921,1522599,1562989,1604979,1648257,1692439,1737202
"Population, total",SP.POP.TOTL,Guyana,GUY,746715,745206,744789,745143,745737,746163,746343,746474,746817,747718,749436,752028,755399,759285,763380,767432
"Population, total",SP.POP.TOTL,Haiti,HTI,8463806,8608819,8754150,8900104,9047077,9195288,9344785,9495328,9646580,9798046,9949322,10100320,10250930,10400673,10549008,10695542
"Population, total",SP.POP.TOTL,Honduras,HND,6574509,6751912,6929265,7106319,7282953,7458985,7634298,7808518,7980955,8150775,8317470,8480671,8640691,8798521,8955589,9112916
"Population, total",SP.POP.TOTL,"Hong Kong SAR, China",HKG,6665000,6714300,6744100,6730800,6783500,6813200,6857100,6916300,6957800,6972800,7024200,7071600,7150100,7178900,7229500,7291300
"Population, total",SP.POP.TOTL,Hungary,HUN,10210971,10187576,10158608,10129552,10107146,10087065,10071370,10055780,10038188,10022650,10000023,9971727,9920362,9893082,9866468,9843028
"Population, total",SP.POP.TOTL,Iceland,ISL,281205,284968,287523,289521,292074,296734,303782,311566,317414,318499,318041,319014,320716,323764,327386,330815
"Population, total",SP.POP.TOTL,India,IND,1056575549,1075000085,1093317189,1111523144,1129623456,1147609927,1165486291,1183209472,1200669765,1217726215,1234281170,1250288729,1265782790,1280846129,1295604184,1310152403
"Population, total",SP.POP.TOTL,Indonesia,IDN,211513823,214427417,217357793,220309469,223285676,226289470,229318262,232374245,235469762,238620563,241834215,245116206,248452413,251806402,255129004,258383256
"Population, total",SP.POP.TOTL,"Iran, Islamic Rep.",IRN,65623405,66449112,67284796,68122938,68951281,69762347,70554760,71336475,72120604,72924837,73762519,74634956,75539862,76481943,77465753,78492215
"Population, total",SP.POP.TOTL,Iraq,IRQ,23497585,24208180,24931919,25644499,26313838,26922284,27448124,27911248,28385746,28973162,29741976,30725300,31890011,33157050,34411951,35572261
"Population, total",SP.POP.TOTL,Ireland,IRL,3805174,3866243,3931947,3996521,4070262,4159914,4273591,4398942,4489544,4535375,4560155,4580084,4599533,4623816,4657740,4701957
"Population, total",SP.POP.TOTL,Isle of Man,IMN,76941,77703,78318,78884,79520,80305,81285,82408,83508,84376,84857,84886,84533,83976,83488,83234
"Population, total",SP.POP.TOTL,Israel,ISR,6289000,6439000,6570000,6689700,6809000,6930100,7053700,7180100,7308800,7485600,7623600,7765800,7910500,8059500,8215700,8380100
"Population, total",SP.POP.TOTL,Italy,ITA,56942108,56974100,57059007,57313203,57685327,57969484,58143979,58438310,58826731,59095365,59277417,59379449,59539717,60233948,60789140,60730582
"Population, total",SP.POP.TOTL,Jamaica,JAM,2654701,2674702,2692845,2709437,2725015,2740003,2754407,2768227,2781876,2795837,2810460,2825929,2842132,2858709,2875136,2891021
"Population, total",SP.POP.TOTL,Japan,JPN,126843000,127149000,127445000,127718000,127761000,127773000,127854000,128001000,128063000,128047000,128070000,127833000,127629000,127445000,127276000,127141000
"Population, total",SP.POP.TOTL,Jordan,JOR,5122493,5217336,5317506,5434030,5580244,5765635,5991540,6255280,6556478,6893260,7261539,7663131,8090872,8520420,8920049,9266575
"Population, total",SP.POP.TOTL,Kazakhstan,KAZ,14883626,14858335,14858948,14909018,15012985,15147029,15308084,15484192,15674000,16092822,16321872,16557201,16792089,17035550,17288285,17542806
"Population, total",SP.POP.TOTL,Kenya,KEN,31964557,32848564,33751739,34678779,35635271,36624895,37649033,38705932,39791981,40901792,42030676,43178257,44343410,45519889,46699981,47878336
"Population, total",SP.POP.TOTL,Kiribati,KIR,84396,85849,87305,88835,90499,92325,94343,96527,98761,100930,102927,104728,106370,107890,109391,110930
"Population, total",SP.POP.TOTL,"Korea, Dem. People’s Rep.",PRK,22929075,23132980,23339453,23542426,23732731,23904167,24054864,24188331,24310142,24428341,24548836,24673385,24800612,24929452,25057752,25183833
"Population, total",SP.POP.TOTL,"Korea, Rep.",KOR,47008111,47370164,47644736,47892330,48082519,48184561,48438292,48683638,49054708,49307835,49554112,49936638,50199853,50428893,50746659,51014947
"Population, total",SP.POP.TOTL,Kosovo,XKX,1700000,1701154,1702310,1703466,1704622,1705780,1719536,1733404,1747383,1761474,1775680,1791000,1805200,1824100,1821800,1801800
"Population, total",SP.POP.TOTL,Kuwait,KWT,2045123,2103282,2136997,2161626,2200492,2270198,2373672,2504019,2656009,2821045,2991884,3168060,3348853,3526378,3690942,3835591
"Population, total",SP.POP.TOTL,Kyrgyz Republic,KGZ,4898400,4945100,4990700,5043300,5104700,5162600,5218400,5268400,5318700,5383300,5447900,5514600,5607200,5719600,5835500,5956900
"Population, total",SP.POP.TOTL,Lao PDR,LAO,5323700,5409582,5493246,5576640,5662208,5751676,5846074,5944948,6046620,6148623,6249165,6347567,6444530,6541304,6639756,6741164
"Population, total",SP.POP.TOTL,Latvia,LVA,2367550,2337170,2310173,2287955,2263122,2238799,2218357,2200325,2177322,2141669,2097555,2059709,2034319,2012647,1993782,1977527
"Population, total",SP.POP.TOTL,Lebanon,LBN,3842778,3991001,4182205,4388375,4569378,4698763,4759753,4767344,4764741,4813026,4953061,5202343,5538634,5914621,6262410,6532678
"Population, total",SP.POP.TOTL,Lesotho,LSO,2032804,2035740,2029829,2018348,2005940,1996114,1989939,1986922,1987129,1990131,1995581,2003787,2014990,2028519,2043437,2059021
"Population, total",SP.POP.TOTL,Liberia,LBR,2848456,2953927,3024729,3077058,3135651,3218116,3329211,3461911,3607860,3754133,3891356,4017443,4135659,4248334,4359505,4472230
"Population, total",SP.POP.TOTL,Libya,LBY,5357891,5443248,5531089,5620547,5710154,5798614,5886872,5974787,6058748,6133984,6197663,6247439,6285750,6320359,6362037,6418315
"Population, total",SP.POP.TOTL,Liechtenstein,LIE,33184,33552,33879,34175,34452,34713,34970,35217,35471,35727,35994,36293,36615,36934,37223,37470
"Population, total",SP.POP.TOTL,Lithuania,LTU,3499536,3470818,3443067,3415213,3377075,3322528,3269909,3231294,3198231,3162916,3097282,3028115,2987773,2957689,2932367,2904910
"Population, total",SP.POP.TOTL,Luxembourg,LUX,436300,441525,446175,451630,458095,465158,472637,479993,488650,497783,506953,518347,530946,543360,556319,569604
"Population, total",SP.POP.TOTL,"Macao SAR, China",MAC,427782,437938,448821,460165,471597,482858,493799,504511,515239,526400,538219,550832,564039,577372,590208,602085
"Population, total",SP.POP.TOTL,North Macedonia,MKD,2034819,2042842,2048928,2053426,2057048,2060273,2063131,2065426,2067313,2069039,2070741,2072487,2074278,2076067,2077775,2079328
"Population, total",SP.POP.TOTL,Madagascar,MDG,15766806,16260932,16765117,17279141,17802997,18336724,18880269,19433530,19996473,20569117,21151640,21743967,22346641,22961253,23589887,24234088
"Population, total",SP.POP.TOTL,Malawi,MWI,11148758,11432000,11713664,12000181,12301838,12625952,12973699,13341806,13727890,14128155,14539612,14962112,15396005,15839269,16289540,16745303
"Population, total",SP.POP.TOTL,Malaysia,MYS,23194257,23709119,24208391,24698819,25190652,25690611,26201961,26720370,27236006,27735040,28208035,28650955,29068159,29468872,29866559,30270962
"Population, total",SP.POP.TOTL,Maldives,MDV,279398,286306,294186,302683,311265,319608,327487,335169,343452,353398,365734,380495,397237,415593,435015,454915
"Population, total",SP.POP.TOTL,Mali,MLI,10946445,11271600,11616887,11982695,12369070,12775516,13203378,13651464,14113577,14581429,15049353,15514591,15979499,16449864,16934220,17438778
"Population, total",SP.POP.TOTL,Malta,MLT,390087,393028,395969,398582,401268,403834,405308,406724,409379,412477,414508,416268,420028,425967,434558,445053
"Population, total",SP.POP.TOTL,Marshall Islands,MHL,50753,51422,52370,53456,54476,55258,55767,56051,56174,56250,56366,56531,56717,56938,57179,57439
"Population, total",SP.POP.TOTL,Mauritania,MRT,2630219,2702400,2778099,2857148,2939247,3024194,3111906,3202517,3296238,3393409,3494195,3598648,3706554,3817494,3930896,4046301
"Population, total",SP.POP.TOTL,Mauritius,MUS,1186873,1196287,1204621,1213370,1221003,1228254,1233996,1239630,1244121,1247429,1250400,1252404,1255882,1258653,1260934,1262605
"Population, total",SP.POP.TOTL,Mexico,MEX,98899845,100298153,101684758,103081020,104514932,106005203,107560153,109170502,110815271,112463887,114092963,115695473,117274155,118827161,120355128,121858258
"Population, total",SP.POP.TOTL,"Micronesia, Fed. Sts.",FSM,107402,107173,107030,106901,106625,106129,105371,104444,103543,102975,102911,103450,104506,105926,107446,108895
"Population, total",SP.POP.TOTL,Moldova,MDA,3639592,3631462,3623062,3612874,3603945,3595187,3585209,3576910,3570108,3565604,3562045,3559986,3559519,3558566,3556397,3554108
"Population, total",SP.POP.TOTL,Monaco,MCO,32147,32470,32806,33153,33500,33843,34190,34525,34872,35226,35612,36024,36460,36901,37322,37718
"Population, total",SP.POP.TOTL,Mongolia,MNG,2397418,2419588,2443271,2468762,2496391,2526424,2558856,2593820,2631898,2673796,2719896,2770362,2824699,2881792,2940108,2998439
"Population, total",SP.POP.TOTL,Montenegro,MNE,604950,607389,609828,612267,613353,614261,615025,615875,616969,618294,619428,620079,620601,621207,621810,622159
"Population, total",SP.POP.TOTL,Morocco,MAR,28793679,29126330,29454768,29782884,30115214,30455561,30804683,31163673,31536811,31929087,32343389,32781850,33241898,33715693,34192347,34663603
"Population, total",SP.POP.TOTL,Mozambique,MOZ,17711927,18221888,18764155,19331100,19910552,20493925,21080110,21673316,22276596,22894710,23531574,24187487,24862648,25560725,26286163,27042002
"Population, total",SP.POP.TOTL,Myanmar,MMR,46719701,47225120,47702171,48148902,48564484,48949924,49301050,49621475,49929642,50250367,50600818,50990615,51413698,51852451,52280807,52680726
"Population, total",SP.POP.TOTL,Namibia,NAM,1794571,1823672,1851523,1879117,1907745,1938320,1971317,2006514,2043394,2081044,2118874,2156701,2194784,2233510,2273430,2314904
"Population, total",SP.POP.TOTL,Nauru,NRU,10337,10215,10102,9994,9902,9849,9828,9842,9891,9939,10005,10057,10279,10821,11853,12475
"Population, total",SP.POP.TOTL,Nepal,NPL,23941110,24347106,24725627,25080872,25419344,25744500,26066693,26382581,26666576,26883535,27013212,27041437,26989862,26917906,26906926,27015031
"Population, total",SP.POP.TOTL,Netherlands,NLD,15925513,16046180,16148929,16225302,16281779,16319868,16346101,16381696,16445593,16530388,16615394,16693074,16754962,16804432,16865008,16939923
"Population, total",SP.POP.TOTL,New Caledonia,NCL,213230,217324,221490,225296,228750,232250,235750,239250,242750,245950,249750,254350,259000,263650,268050,272400
"Population, total",SP.POP.TOTL,New Zealand,NZL,3857700,3880500,3948500,4027200,4087500,4133900,4184600,4223800,4259800,4302600,4350700,4384000,4408100,4442100,4509700,4595700
"Population, total",SP.POP.TOTL,Nicaragua,NIC,5069302,5145366,5219328,5292118,5364935,5438690,5513763,5590055,5667432,5745526,5824065,5903039,5982526,6062454,6142733,6223240
"Population, total",SP.POP.TOTL,Niger,NER,11331557,11751365,12189983,12647984,13125916,13624467,14143971,14685399,15250908,15843133,16464025,17114761,17795191,18504255,19240157,20001663
"Population, total",SP.POP.TOTL,Nigeria,NGA,122283850,125394046,128596076,131900631,135320422,138865016,142538308,146339977,150269623,154324933,158503197,162805071,167228767,171765769,176404902,181137448
"Population, total",SP.POP.TOTL,Northern Mariana Islands,MNP,57453,58321,58420,57947,57246,56542,55882,55219,54625,54193,53971,54012,54311,54784,55305,55780
"Population, total",SP.POP.TOTL,Norway,NOR,4490967,4513751,4538159,4564855,4591910,4623291,4660677,4709153,4768212,4828726,4889252,4953088,5018573,5079623,5137232,5188607
"Population, total",SP.POP.TOTL,Oman,OMN,2267973,2294962,2334858,2386166,2445517,2511251,2580758,2657158,2750963,2876186,3041434,3251108,3498029,3764805,4027260,4267348
"Population, total",SP.POP.TOTL,Pakistan,PAK,142343578,145978402,149549700,153093373,156664697,160304008,164022627,167808105,171648986,175525609,179424641,183340592,187281475,191262919,195306825,199426964
"Population, total",SP.POP.TOTL,Palau,PLW,19105,19386,19637,19809,19867,19781,19540,19158,18704,18285,17955,17745,17640,17606,17626,17665
"Population, total",SP.POP.TOTL,Panama,PAN,3030328,3089648,3149188,3209048,3269356,3330217,3391666,3453675,3516204,3579215,3642687,3706483,3770624,3835437,3901315,3968487
"Population, total",SP.POP.TOTL,Papua New Guinea,PNG,5847586,5974629,6098621,6223377,6354245,6494903,6646895,6808514,6976201,7144776,7310507,7472200,7631002,7788379,7946731,8107775
"Population, total",SP.POP.TOTL,Paraguay,PRY,5323201,5428444,5531962,5632983,5730549,5824096,5913209,5998427,6081296,6163972,6248020,6333976,6421512,6510276,6599526,6688746
"Population, total",SP.POP.TOTL,Peru,PER,26459944,26799285,27100968,27372226,27624213,27866145,28102056,28333052,28562317,28792655,29027674,29264318,29506788,29773987,30090359,30470734
"Population, total",SP.POP.TOTL,Philippines,PHL,77991755,79672873,81365258,83051971,84710542,86326250,87888675,89405482,90901965,92414158,93966780,95570047,97212638,98871552,100513138,102113212
"Population, total",SP.POP.TOTL,Poland,POL,38258629,38248076,38230364,38204570,38182222,38165445,38141267,38120560,38125759,38151603,38042794,38063255,38063164,38040196,38011735,37986412
"Population, total",SP.POP.TOTL,Portugal,PRT,10289898,10362722,10419631,10458821,10483861,10503330,10522288,10542964,10558177,10568247,10573100,10557560,10514844,10457295,10401062,10358076
"Population, total",SP.POP.TOTL,Puerto Rico,PRI,3810605,3818774,3823701,3826095,3826878,3821362,3805214,3782995,3760866,3740410,3721525,3678732,3634488,3593077,3534874,3473166
"Population, total",SP.POP.TOTL,Qatar,QAT,592468,615012,640868,681788,753334,865416,1022711,1218434,1436665,1654950,1856327,2035871,2196074,2336574,2459198,2565710
"Population, total",SP.POP.TOTL,Romania,ROU,22442971,22131970,21730496,21574326,21451748,21319685,21193760,20882982,20537875,20367487,20246871,20147528,20058035,19983693,19908979,19815481
"Population, total",SP.POP.TOTL,Russian Federation,RUS,146596557,145976083,145306046,144648257,144067054,143518523,143049528,142805088,142742350,142785342,142849449,142960868,143201676,143506911,143819666,144096870
"Population, total",SP.POP.TOTL,Rwanda,RWA,7933681,8231156,8427060,8557161,8680524,8840215,9043337,9273757,9524534,9782770,10039338,10293331,10549678,10811543,11083635,11369071
"Population, total",SP.POP.TOTL,Samoa,WSM,174454,175392,176407,177484,178590,179727,180876,182046,183263,184556,185949,187469,189088,190717,192221,193513
"Population, total",SP.POP.TOTL,San Marino,SMR,27462,27812,28175,28562,28940,29324,29700,30063,30434,30816,31229,31661,32105,32553,32948,33272
"Population, total",SP.POP.TOTL,Sao Tome and Principe,STP,142262,144755,147447,150415,153737,157472,161681,166300,171120,175876,180371,184524,188404,192087,195727,199432
"Population, total",SP.POP.TOTL,Saudi Arabia,SAU,20663843,21202642,21805313,22456649,23132682,23816183,24498310,25184597,25888541,26630303,27421461,28267685,29155187,30052518,30916994,31717667
"Population, total",SP.POP.TOTL,Senegal,SEN,9797734,10036104,10283699,10541467,10810083,11090116,11382268,11687080,12004701,12335084,12678148,13033809,13401991,13782420,14174731,14578459
"Population, total",SP.POP.TOTL,Serbia,SRB,7516346,7503433,7496522,7480591,7463157,7440769,7411569,7381579,7350222,7320807,7291436,7234099,7199077,7164132,7130576,7095383
"Population, total",SP.POP.TOTL,Seychelles,SYC,81131,81202,83723,82781,82475,82858,84600,85033,86956,87298,89770,87441,88303,89949,91359,93419
"Population, total",SP.POP.TOTL,Sierra Leone,SLE,4584571,4754072,4965766,5201070,5433991,5645624,5829237,5989633,6133603,6272734,6415634,6563240,6712581,6863980,7017144,7171914
"Population, total",SP.POP.TOTL,Singapore,SGP,4027887,4138012,4175950,4114826,4166664,4265762,4401365,4588599,4839396,4987573,5076732,5183688,5312437,5399162,5469724,5535002
"Population, total",SP.POP.TOTL,Sint Maarten (Dutch part),SXM,30519,30600,30777,31472,32488,33011,33441,33811,33964,34238,34056,33435,34640,36607,37685,38825
"Population, total",SP.POP.TOTL,Slovak Republic,SVK,5388720,5378867,5376912,5373374,5372280,5372807,5373054,5374622,5379233,5386406,5391428,5398384,5407579,5413393,5418649,5423801
"Population, total",SP.POP.TOTL,Slovenia,SVN,1988925,1992060,1994530,1995733,1997012,2000474,2006868,2018122,2021316,2039669,2048583,2052843,2057159,2059953,2061980,2063531
"Population, total",SP.POP.TOTL,Solomon Islands,SLB,412660,423944,435432,447017,458539,469918,481078,492132,503360,515181,527861,541521,556064,571335,587079,603118
"Population, total",SP.POP.TOTL,Somalia,SOM,8872254,9186725,9501342,9815412,10130243,10446863,10763905,11080121,11397188,11717692,12043883,12376302,12715510,13063706,13423576,13797201
"Population, total",SP.POP.TOTL,South Africa,ZAF,44967708,45571274,46150913,46719196,47291610,47880601,48489459,49119759,49779471,50477011,51216964,52004172,52834005,53689236,54545991,55386367
"Population, total",SP.POP.TOTL,South Sudan,SSD,6199394,6447793,6688226,6935676,7213351,7535932,7907406,8315139,8736939,9142259,9508364,9830698,10113647,10355036,10554883,10715658
"Population, total",SP.POP.TOTL,Spain,ESP,40567864,40850412,41431558,42187645,42921895,43653155,44397319,45226803,45954106,46362946,46576897,46742697,46773055,46620045,46480882,46444832
"Population, total",SP.POP.TOTL,Sri Lanka,LKA,18777601,18911730,19062482,19224037,19387153,19544988,19695972,19842044,19983984,20123508,20261737,20398670,20425000,20585000,20778000,20970000
"Population, total",SP.POP.TOTL,St. Kitts and Nevis,KNA,44074,44599,45165,45746,46324,46857,47339,47778,48185,48599,49016,49447,49887,50331,50774,51203
"Population, total",SP.POP.TOTL,St. Lucia,LCA,156729,158179,159392,160530,161816,163417,165381,167639,170011,172221,174085,175544,176646,177513,178296,179126
"Population, total",SP.POP.TOTL,St. Martin (French part),MAF,28935,29853,30910,32053,33186,34248,35237,36137,36885,37377,37582,37446,37009,36453,36015,35858
"Population, total",SP.POP.TOTL,St. Vincent and the Grenadines,VCT,107784,107896,108097,108326,108512,108614,108603,108518,108393,108287,108255,108316,108435,108622,108861,109148
"Population, total",SP.POP.TOTL,Sudan,SDN,27275015,27971082,28704778,29460519,30214193,30949516,31661823,32360621,33060837,33783788,34545013,35349681,36193783,37072550,37977655,38902950
"Population, total",SP.POP.TOTL,Suriname,SUR,470949,476579,482235,487942,493679,499464,505295,511181,517123,523111,529131,535179,541245,547291,553273,559143
"Population, total",SP.POP.TOTL,Eswatini,SWZ,1005435,1013609,1019059,1022802,1026286,1030579,1036092,1042652,1049945,1057467,1064837,1072032,1079288,1086839,1095021,1104044
"Population, total",SP.POP.TOTL,Sweden,SWE,8872109,8895960,8924958,8958229,8993531,9029572,9080505,9148092,9219637,9298515,9378126,9449213,9519374,9600379,9696110,9799186
"Population, total",SP.POP.TOTL,Switzerland,CHE,7184250,7229854,7284753,7339001,7389625,7437115,7483934,7551117,7647675,7743831,7824909,7912398,7996861,8089346,8188649,8282396
"Population, total",SP.POP.TOTL,Syrian Arab Republic,SYR,16410848,16766561,17084632,17415214,17827825,18361176,19059258,19878254,20664038,21205873,21362529,21082966,20442541,19584274,18715672,17997408
"Population, total",SP.POP.TOTL,Tajikistan,TJK,6216341,6318513,6426867,6541547,6662389,6789321,6922587,7062672,7209930,7364753,7527394,7697510,7874835,8059769,8252833,8454028
"Population, total",SP.POP.TOTL,Tanzania,TZA,33499180,34385856,35334788,36337782,37379767,38450320,39548663,40681414,41853944,43073834,44346525,45673338,47052481,48482266,49959822,51482633
"Population, total",SP.POP.TOTL,Thailand,THA,62952642,63539196,64069087,64549866,64995299,65416189,65812536,66182067,66530984,66866839,67195028,67518382,67835957,68144501,68438730,68714511
"Population, total",SP.POP.TOTL,Timor-Leste,TLS,884366,901214,922694,947108,971893,995135,1016432,1036392,1055431,1074277,1093523,1113151,1132994,1153295,1174331,1196302
"Population, total",SP.POP.TOTL,Togo,TGO,4924402,5062567,5197031,5330639,5467766,5611640,5762880,5920359,6083420,6250835,6421679,6595943,6773807,6954721,7137997,7323158
"Population, total",SP.POP.TOTL,Tonga,TON,97973,98487,99022,99589,100218,100905,101706,102581,103379,103890,103986,103562,102737,101768,101028,100781
"Population, total",SP.POP.TOTL,Trinidad and Tobago,TTO,1267153,1271632,1277213,1283559,1290123,1296502,1302561,1308451,1314443,1320930,1328147,1336178,1344817,1353700,1362342,1370328
"Population, total",SP.POP.TOTL,Tunisia,TUN,9708350,9793903,9871251,9945277,10022277,10106771,10201214,10304726,10414433,10525694,10635244,10741880,10847002,10952951,11063201,11179949
"Population, total",SP.POP.TOTL,Turkey,TUR,63240194,64192243,65145367,66089402,67010930,67903469,68756810,69581848,70418604,71321399,72326988,73443863,74653016,75928564,77231907,78529409
"Population, total",SP.POP.TOTL,Turkmenistan,TKM,4516133,4564083,4610005,4655743,4703401,4754646,4810109,4870141,4935767,5007954,5087213,5174085,5267900,5366375,5466328,5565287
"Population, total",SP.POP.TOTL,Turks and Caicos Islands,TCA,20164,21573,23232,25011,26700,28180,29391,30385,31202,31934,32660,33377,34066,34731,35369,35981
"Population, total",SP.POP.TOTL,Tuvalu,TUV,9394,9484,9596,9726,9869,10000,10120,10221,10314,10424,10530,10633,10739,10857,10972,11099
"Population, total",SP.POP.TOTL,Uganda,UGA,23650172,24388968,25167257,25980552,26821297,27684585,28571475,29486338,30431736,31411096,32428167,33476919,34559168,35695246,36912148,38225453
"Population, total",SP.POP.TOTL,Ukraine,UKR,49175848,48683865,48202500,47812950,47451600,47105150,46787750,46509350,46258200,46053300,45870700,45706100,45593300,45489600,45271947,45154029
"Population, total",SP.POP.TOTL,United Arab Emirates,ARE,3134062,3302719,3478777,3711932,4068570,4588225,5300174,6168838,7089487,7917372,8549988,8946777,9141596,9197910,9214175,9262900
"Population, total",SP.POP.TOTL,United Kingdom,GBR,58892514,59119673,59370479,59647577,59987905,60401206,60846820,61322463,61806995,62276270,62766365,63258918,63700300,64128226,64613160,65128861
"Population, total",SP.POP.TOTL,United States,USA,282162411,284968955,287625193,290107933,292805298,295516599,298379912,301231207,304093966,306771529,309326085,311580009,313874218,316057727,318386421,320742673
"Population, total",SP.POP.TOTL,Uruguay,URY,3319736,3325473,3326040,3323668,3321476,3321803,3325401,3331749,3340221,3349676,3359275,3368934,3378974,3389439,3400434,3412009
"Population, total",SP.POP.TOTL,Uzbekistan,UZB,24650400,24964450,25271850,25567650,25864350,26167000,26488250,26868000,27302800,27767400,28562400,29339400,29774500,30243200,30757700,31298900
"Population, total",SP.POP.TOTL,Vanuatu,VUT,184972,189219,193920,198959,204127,209282,214370,219472,224704,230247,236211,242653,249499,256635,263888,271130
"Population, total",SP.POP.TOTL,"Venezuela, RB",VEN,24192446,24646472,25100408,25551624,25996594,26432447,26850194,27247610,27635832,28031009,28439940,28888369,29362449,29783571,30045134,30081829
"Population, total",SP.POP.TOTL,Vietnam,VNM,79910412,80742499,81534407,82301656,83062821,83832661,84617540,85419591,86243413,87092252,87967651,88871561,89802487,90753472,91714595,92677076
"Population, total",SP.POP.TOTL,Virgin Islands (U.S.),VIR,108642,108549,108510,108506,108467,108454,108371,108339,108399,108405,108358,108292,108191,108044,107884,107710
"Population, total",SP.POP.TOTL,West Bank and Gaza,PSE,2922153,2997784,3075373,3154969,3236626,3320396,3406334,3494496,3591977,3689099,3786161,3882986,3979998,4076708,4173398,4270092
"Population, total",SP.POP.TOTL,"Yemen, Rep.",YEM,17409072,17918373,18443691,18985000,19540098,20107409,20687646,21282515,21892146,22516460,23154855,23807588,24473178,25147109,25823485,26497889
"Population, total",SP.POP.TOTL,Zambia,ZMB,10415944,10692193,10971698,11256743,11550642,11856247,12173514,12502958,12848530,13215139,13605984,14023193,14465121,14926504,15399753,15879361
"Population, total",SP.POP.TOTL,Zimbabwe,ZWE,11881477,11923914,11954290,11982224,12019912,12076699,12155491,12255922,12379549,12526968,12697723,12894316,13115131,13350356,13586681,13814629
,,,,,,,,,,,,,,,,,,,
,,,,,,,,,,,,,,,,,,,
Population growth (annual %),SP.POP.GROW,Afghanistan,AFG,2.975052846,3.902805701,4.496719561,4.668361494,4.321539296,3.682731797,2.990478094,2.493842299,2.268277145,2.397020991,2.74657628,3.143125903,3.407586974,3.494589049,3.355581661,3.077083595
Population growth (annual %),SP.POP.GROW,Albania,ALB,-0.637356834,-0.938470428,-0.299876697,-0.374149169,-0.417931378,-0.511790116,-0.630911245,-0.755718755,-0.767342959,-0.673894046,-0.496461963,-0.269017332,-0.16515104,-0.183211385,-0.207047,-0.291205787
Population growth (annual %),SP.POP.GROW,Algeria,DZA,1.358407806,1.30984253,1.275065543,1.275914635,1.317846191,1.389900523,1.471122982,1.551382583,1.636192663,1.722093224,1.805018696,1.883313834,1.951415209,2.002727839,2.033592452,2.045387243
Population growth (annual %),SP.POP.GROW,American Samoa,ASM,1.337137112,1.157215338,0.996827279,0.715107952,0.29701746,-0.199592495,-0.766842612,-1.263296561,-1.507058742,-1.417146554,-1.071293125,-0.572257861,-0.165132053,0.082600112,0.139905318,0.037633397
Population growth (annual %),SP.POP.GROW,Andorra,AND,1.572165551,2.939992206,3.942573353,4.375449193,4.098923478,3.382416554,2.659984178,2.066338175,1.414647779,0.714097792,-0.016576679,-0.834745269,-1.588729602,-2.025792158,-1.95147048,-1.529058438
Population growth (annual %),SP.POP.GROW,Angola,AGO,3.277203555,3.301198182,3.329256674,3.37881111,3.453013829,3.537557154,3.619574559,3.68063537,3.710531322,3.703877683,3.671462401,3.634158626,3.597774308,3.551950467,3.497492744,3.438850684
Population growth (annual %),SP.POP.GROW,Antigua and Barbuda,ATG,1.781187179,1.561104092,1.392885863,1.275438464,1.297971065,1.395564086,1.50944883,1.585830631,1.618469661,1.567333688,1.467063743,1.382008785,1.286878642,1.217000042,1.136486988,1.078837937
Population growth (annual %),SP.POP.GROW,Argentina,ARG,1.100583725,1.092079483,1.083551371,1.07199404,1.055389384,1.036281168,1.01544167,0.998858904,0.99259313,0.999544734,0.752213052,1.15305928,1.136905694,1.1191092,1.099461091,1.078001344
Population growth (annual %),SP.POP.GROW,Armenia,ARM,-0.631020799,-0.617751681,-0.549218141,-0.530280113,-0.571956874,-0.650321107,-0.773190355,-0.872160581,-0.856135016,-0.67381128,-0.373711867,-0.027147008,0.267013214,0.461966644,0.51012273,0.450500903
Population growth (annual %),SP.POP.GROW,Aruba,ABW,2.055026783,2.22593013,2.229056047,2.109354335,1.757352867,1.30203884,0.79954624,0.384052418,0.134267964,0.095654625,0.210708808,0.370125352,0.502430116,0.582349411,0.594397037,0.544892394
Population growth (annual %),SP.POP.GROW,Australia,AUS,1.192272323,1.348358342,1.220563785,1.233996663,1.159352162,1.319789554,1.475227945,0.624678435,2.00402174,2.06104513,1.555489589,1.389527316,1.745820001,1.72115144,1.491566489,1.439216653
Population growth (annual %),SP.POP.GROW,Austria,AUT,0.240466652,0.382799394,0.491980464,0.487133895,0.620413127,0.681267248,0.494797775,0.324146535,0.313041438,0.26195319,0.2403943,0.337080842,0.455937472,0.589387255,0.781541633,1.120992502
Population growth (annual %),SP.POP.GROW,Azerbaijan,AZE,0.821519964,0.774765939,0.746173583,0.757650956,0.87542728,1.022265592,1.098586574,1.133855466,2.099854033,2.076148264,1.189787708,1.303000855,1.328763827,1.293447027,1.248208997,1.191209858
Population growth (annual %),SP.POP.GROW,"Bahamas, The",BHS,1.347398334,1.520667125,1.652399307,1.761996908,1.824351295,1.853248287,1.882682626,1.901849904,1.847733423,1.70871838,1.515331048,1.297394475,1.108201634,0.980915204,0.93928457,0.959409324
Population growth (annual %),SP.POP.GROW,Bahrain,BHR,4.31530764,4.836512065,5.25020912,5.756701712,6.360159526,6.904396412,7.500231305,7.776022595,7.324342452,6.127452758,4.599778006,2.960981473,1.690591501,1.153830127,1.587749264,2.642471156
Population growth (annual %),SP.POP.GROW,Bangladesh,BGD,1.95238739,1.886287145,1.820070221,1.731266118,1.615198017,1.484744774,1.347130256,1.226617775,1.145653022,1.116805726,1.124803493,1.144262127,1.15494813,1.156713453,1.142594657,1.117283565
Population growth (annual %),SP.POP.GROW,Barbados,BRB,0.392645061,0.362122764,0.338874712,0.330075479,0.347517603,0.376717927,0.416757555,0.439788762,0.446079294,0.41279802,0.364679446,0.302945811,0.251638162,0.20986071,0.185900767,0.175042007
Population growth (annual %),SP.POP.GROW,Belarus,BLR,-0.471131335,-0.512966688,-0.636565666,-0.699809191,-0.682169472,-0.68300556,-0.612296198,-0.458847536,-0.345415054,-0.22296073,-0.170360662,-0.183624023,-0.091637482,0.015868579,0.089902558,0.159300802
Population growth (annual %),SP.POP.GROW,Belgium,BEL,0.242517956,0.343951158,0.448268895,0.418641508,0.432788248,0.550055708,0.659558215,0.734330831,0.789976845,0.804599573,0.913639392,1.301002902,0.620163579,0.471340144,0.443929288,0.579446242
Population growth (annual %),SP.POP.GROW,Belize,BLZ,3.42494863,3.084774571,2.827563862,2.650384639,2.593522892,2.604447732,2.618344801,2.60739692,2.574385215,2.520576643,2.451470158,2.381907641,2.323531697,2.256884073,2.188961079,2.118799855
Population growth (annual %),SP.POP.GROW,Benin,BEN,2.983994776,3.023780214,3.043082958,3.039674832,3.005342106,2.952383516,2.897544923,2.854085561,2.823555548,2.809301752,2.806086484,2.803717973,2.797648941,2.790718131,2.782181506,2.771714168
Population growth (annual %),SP.POP.GROW,Bermuda,BMU,0.894182916,1.085181052,0.652758223,0.656472533,0.655349388,0.649513649,0.575178477,0.565689754,0.593330046,0.55612581,-0.780059723,-0.859898041,0.362431076,0.313281274,0.212304426,0.153517862
Population growth (annual %),SP.POP.GROW,Bhutan,BTN,2.248358465,2.112644398,2.029819014,1.900758029,1.733113342,1.541558106,1.32773939,1.129268455,1.008172467,0.99412939,1.052929968,1.130704583,1.187928924,1.22609147,1.233911551,1.219146338
Population growth (annual %),SP.POP.GROW,Bolivia,BOL,1.93343126,1.905767118,1.877080341,1.847322665,1.816097236,1.784254998,1.7516249,1.719932541,1.691076655,1.666110583,1.643602456,1.622458837,1.600004605,1.574598408,1.544967683,1.512924033
Population growth (annual %),SP.POP.GROW,Bosnia and Herzegovina,BIH,0.208738983,0.115523663,0.103128474,0.07408038,0.053704531,0.030201109,0.002469872,-0.070083064,-0.226551525,-0.489520028,-0.818827889,-1.20265119,-1.547013043,-1.745167149,-1.722562344,-1.526276235
Population growth (annual %),SP.POP.GROW,Botswana,BWA,2.032896436,1.889380292,1.773421002,1.730526111,1.778885026,1.882508206,2.026487056,2.131424745,2.119781897,1.957036327,1.705719395,1.413987357,1.191100637,1.120660803,1.256439448,1.525307942
Population growth (annual %),SP.POP.GROW,Brazil,BRA,1.424167434,1.366957076,1.312744186,1.257382738,1.201294128,1.145880998,1.090196854,1.037862037,0.994311624,0.961948263,0.937956738,0.915962656,0.893531058,0.873603191,0.855792023,0.838848283
Population growth (annual %),SP.POP.GROW,British Virgin Islands,VGB,1.413118192,1.77626297,2.172126352,2.537460035,3.008907624,3.40254209,3.887610285,4.174235511,4.106630531,3.545990305,2.753990182,1.87127874,1.162048569,0.685255825,0.491044627,0.560707339
Population growth (annual %),SP.POP.GROW,Brunei Darussalam,BRN,2.1096517,2.040774985,1.965072783,1.860140053,1.723004885,1.568184375,1.400393036,1.261912434,1.181371824,1.175132443,1.227117263,1.288981384,1.337513016,1.352256699,1.313717171,1.246081245
Population growth (annual %),SP.POP.GROW,Bulgaria,BGR,-0.493896417,-1.990632204,-2.17069878,-0.792113638,-0.754796951,-0.752977445,-0.759505916,-0.735282284,-0.701922745,-0.644281363,-0.658275447,-0.641228921,-0.579220596,-0.559647217,-0.568389264,-0.638069468
Population growth (annual %),SP.POP.GROW,Burkina Faso,BFA,2.841885125,2.858868603,2.875992432,2.898431555,2.927561373,2.959187776,2.989062688,3.011815794,3.024954857,3.02644987,3.019251293,3.008981855,2.997392478,2.981606475,2.961900814,2.939462977
Population growth (annual %),SP.POP.GROW,Burundi,BDI,1.767356522,2.273335218,2.699674402,3.012598038,3.170145462,3.217165882,3.246016505,3.288776865,3.301310362,3.287269847,3.256066998,3.207759114,3.159741833,3.13340508,3.136852423,3.156909217
Population growth (annual %),SP.POP.GROW,Cabo Verde,CPV,1.82320284,1.741223785,1.648456512,1.563286066,1.475295001,1.395120105,1.316900995,1.247593573,1.209762197,1.204959629,1.221877199,1.251037486,1.270619062,1.280864881,1.266209611,1.241420644
Population growth (annual %),SP.POP.GROW,Cambodia,KHM,2.236050134,2.03722363,1.855404003,1.713676066,1.62260232,1.570923651,1.527856858,1.489499886,1.479300731,1.499593573,1.539208139,1.588817643,1.630429697,1.64984965,1.638083897,1.603706854
Population growth (annual %),SP.POP.GROW,Cameroon,CMR,2.621099328,2.639640035,2.655704619,2.673762976,2.692203013,2.709802767,2.727108707,2.742005436,2.750797225,2.752312198,2.747773491,2.740435666,2.731263968,2.718244285,2.701555717,2.68179173
Population growth (annual %),SP.POP.GROW,Canada,CAN,0.931281553,1.086350966,1.087447927,0.901372739,0.933020777,0.944466927,1.010334503,0.971135141,1.082907116,1.141758099,1.111864075,0.978697787,1.085817263,1.056591259,1.005337579,0.746339478
Population growth (annual %),SP.POP.GROW,Cayman Islands,CYM,4.553329355,3.785326342,3.172095809,2.785477371,2.687025646,2.797543573,2.958186124,2.989933458,2.932849962,2.722827106,2.410960217,2.105708532,1.848797909,1.638526018,1.516836501,1.429388302
Population growth (annual %),SP.POP.GROW,Central African Republic,CAF,2.289845843,2.216501186,2.129491567,2.057857877,2.007297035,1.963165759,1.954024747,1.922623931,1.779120362,1.49251562,1.126577396,0.723831391,0.401556668,0.259489943,0.364290952,0.647403919
Population growth (annual %),SP.POP.GROW,Chad,TCD,3.682718582,3.785852882,3.856233291,3.85716413,3.777276578,3.649829765,3.50814667,3.393016334,3.32337145,3.311623295,3.334642775,3.363545784,3.370758938,3.350985214,3.296945541,3.222050147
Population growth (annual %),SP.POP.GROW,Channel Islands,CHI,0.600005854,0.439605467,0.334122637,0.315019749,0.430874649,0.636258157,0.873035484,1.058376043,1.155383526,1.109317789,0.978895056,0.78820108,0.655001196,0.604134796,0.649269563,0.780009114
Population growth (annual %),SP.POP.GROW,Chile,CHL,1.177211428,1.126185835,1.078812927,1.048038262,1.037642801,1.042009582,1.055926534,1.068537508,1.071437972,1.059280301,1.03892916,0.997439115,0.963057457,0.978852117,1.061145126,1.177757471
Population growth (annual %),SP.POP.GROW,China,CHN,0.787956593,0.726380638,0.669999568,0.622860936,0.593932815,0.58812499,0.558374367,0.522271866,0.512386932,0.497381401,0.482959689,0.479150454,0.487231118,0.493709634,0.506311592,0.508136747
Population growth (annual %),SP.POP.GROW,Colombia,COL,1.60375178,1.567264159,1.526919519,1.477721636,1.41717845,1.349744709,1.288737445,1.234496459,1.1761571,1.112485691,1.050652174,0.969133686,0.902010125,0.90829254,1.009872269,1.167245179
Population growth (annual %),SP.POP.GROW,Comoros,COM,2.522340022,2.464237891,2.415507265,2.382713421,2.374990806,2.382366955,2.39064349,2.396717366,2.403628365,2.408719056,2.412541877,2.417574078,2.419233782,2.406870493,2.383357478,2.347041066
Population growth (annual %),SP.POP.GROW,"Congo, Dem. Rep.",COD,2.550436336,2.769272496,2.936361326,3.068268818,3.145497838,3.184222392,3.21879547,3.261382602,3.293973839,3.31689666,3.331131654,3.337677422,3.337564776,3.331362952,3.319676665,3.30283221
Population growth (annual %),SP.POP.GROW,"Congo, Rep.",COG,2.886358372,2.853372225,2.832587302,2.874414339,2.994011755,3.149094483,3.321895971,3.437512885,3.432735093,3.283536842,3.049010156,2.794481941,2.590901936,2.465109065,2.440638958,2.483608177
Population growth (annual %),SP.POP.GROW,Costa Rica,CRI,1.960917604,1.79339476,1.643577458,1.52763208,1.456706771,1.418175152,1.388287781,1.353523048,1.319338699,1.282650394,1.245064785,1.209682364,1.178288353,1.147549943,1.117473924,1.086952795
Population growth (annual %),SP.POP.GROW,Cote d'Ivoire,CIV,2.598674067,2.392101929,2.221114226,2.11353752,2.085444797,2.114434812,2.158036592,2.195517817,2.240257565,2.287160067,2.334565367,2.385511855,2.435928938,2.476674322,2.504548687,2.522094681
Population growth (annual %),SP.POP.GROW,Croatia,HRV,-0.986434859,-3.847670727,0.058871291,0.028469923,0.027904279,0.128732789,0.023523124,-0.02185266,-0.011879458,-0.105027517,-0.226821271,-0.345264228,-0.305655945,-0.278509063,-0.407343185,-0.824099164
Population growth (annual %),SP.POP.GROW,Cuba,CUB,0.376028645,0.343070038,0.31285576,0.263339744,0.188455802,0.099653761,-0.00296588,-0.089959437,-0.125853285,-0.091365268,-0.007812033,0.096498608,0.18165923,0.227322223,0.214098396,0.157999772
Population growth (annual %),SP.POP.GROW,Curacao,CUW,-4.075386132,-3.661779858,0.12236112,2.062102467,1.725029528,2.550073807,2.568114257,1.974862198,1.258225307,0.651152062,1.265514155,1.420897663,0.829929595,1.133678907,1.347641396,1.319593903
Population growth (annual %),SP.POP.GROW,Cyprus,CYP,1.844985508,1.784697862,1.722906073,1.684766829,1.68120165,1.693210951,1.721561603,1.726368247,1.664159945,1.515871507,1.314447193,1.092417604,0.903859855,0.774057448,0.733317428,0.752185523
Population growth (annual %),SP.POP.GROW,Czech Republic,CZE,-0.280414108,-0.375719704,-0.192901618,-0.028620591,0.030434848,0.13832598,0.270795629,0.583542205,0.829412603,0.569729451,0.291361674,0.206747667,0.139925656,0.033169946,0.105277582,0.196588748
Population growth (annual %),SP.POP.GROW,Denmark,DNK,0.334233619,0.358315679,0.319487125,0.272010444,0.258432282,0.275481733,0.328645159,0.443466054,0.58754759,0.535079062,0.444197155,0.411737855,0.376272243,0.416901361,0.507053283,0.70642385
Population growth (annual %),SP.POP.GROW,Djibouti,DJI,2.484539383,2.127615157,1.882137268,1.685841505,1.562421579,1.49868677,1.433524124,1.3610091,1.345061526,1.394637918,1.483821493,1.591180954,1.679899653,1.730858448,1.728785489,1.6878089
Population growth (annual %),SP.POP.GROW,Dominica,DMA,-0.265261653,0.015792005,0.252333501,0.375883876,0.401475461,0.293677634,0.182581239,0.108823935,0.04519072,0.033879643,0.038100883,0.053598884,0.069071972,0.071840601,0.097114032,0.137768178
Population growth (annual %),SP.POP.GROW,Dominican Republic,DOM,1.522967473,1.491305689,1.459008715,1.426367483,1.392770501,1.359195692,1.325957163,1.295178505,1.268457779,1.246805455,1.228584074,1.21066679,1.192277887,1.174368643,1.157205552,1.13957128
Population growth (annual %),SP.POP.GROW,Ecuador,ECU,1.902742082,1.824913249,1.756103468,1.706463013,1.681486218,1.673564212,1.675026183,1.672866586,1.659163647,1.628720225,1.589348217,1.53872479,1.498947998,1.496886223,1.543740767,1.617888472
Population growth (annual %),SP.POP.GROW,"Egypt, Arab Rep.",EGY,1.930382623,1.901136361,1.881450018,1.858612723,1.831333842,1.805707506,1.771855438,1.75170475,1.778686233,1.864470038,1.984783112,2.113785288,2.214742178,2.267940686,2.25924945,2.207038658
Population growth (annual %),SP.POP.GROW,El Salvador,SLV,0.734526453,0.661368332,0.590961101,0.534300886,0.49459764,0.469132819,0.449672283,0.433493449,0.424169675,0.421858398,0.424404001,0.430725951,0.439491727,0.450208946,0.462663702,0.475363828
Population growth (annual %),SP.POP.GROW,Equatorial Guinea,GNQ,4.110344072,4.11821521,4.142757429,4.205674188,4.315961875,4.444830589,4.558845912,4.631807058,4.654911278,4.626119686,4.557382417,4.477741442,4.394863172,4.291977218,4.172454906,4.042030141
Population growth (annual %),SP.POP.GROW,Eritrea,ERI,2.428957109,3.527409475,4.38047041,4.720052368,4.467384542,3.853599765,3.187325236,2.648825363,2.18657189,1.84846867,1.606144198,1.363875294,..,..,..,..
Population growth (annual %),SP.POP.GROW,Estonia,EST,0.483707162,-0.636963124,-0.633433796,-0.627622448,-0.59782051,-0.572255525,-0.58965556,-0.456188535,-0.26813372,-0.192768077,-0.228057969,-0.303582824,-0.357944411,-0.355891803,-0.262256175,0.06555253
Population growth (annual %),SP.POP.GROW,Ethiopia,ETH,2.882672549,2.879434156,2.867363896,2.850948298,2.826388183,2.798329264,2.768139861,2.745954395,2.741022523,2.756851322,2.783770941,2.812610345,2.829617214,2.827018361,2.799921862,2.756127788
Population growth (annual %),SP.POP.GROW,Faroe Islands,FRO,0.641832816,0.559042125,0.500903095,0.420430556,0.353565483,0.255974626,0.146575397,0.069025385,-0.01045533,-0.025097252,0.012549413,0.018821168,0.041812139,0.102365915,0.14188543,0.189561669
Population growth (annual %),SP.POP.GROW,Fiji,FJI,0.581584998,0.35927718,0.163517679,0.100408693,0.218368493,0.456735434,0.759761008,0.999972276,1.090789507,0.974228982,0.721469407,0.421409494,0.187443865,0.062287766,0.097571629,0.250593764
Population growth (annual %),SP.POP.GROW,Finland,FIN,0.207606515,0.227687342,0.24238105,0.23845724,0.290350362,0.342248594,0.383777136,0.425429832,0.465549285,0.478246393,0.457494535,0.463558707,0.475809487,0.460723773,0.413560208,0.329383886
Population growth (annual %),SP.POP.GROW,France,FRA,0.684929254,0.727786405,0.727231515,0.708779199,0.736313541,0.753800832,0.697207001,0.618697376,0.558854359,0.514489504,0.494035951,0.483658695,0.48400512,0.514784474,0.479785542,0.417225967
Population growth (annual %),SP.POP.GROW,French Polynesia,PYF,1.872537189,1.748335882,1.636390212,1.487444577,1.293130788,1.08320859,0.858044088,0.653391183,0.508750447,0.450772043,0.451751632,0.465410564,0.484446518,0.493209189,0.508088239,0.52089856
Population growth (annual %),SP.POP.GROW,Gabon,GAB,2.414870179,2.384559664,2.380961999,2.426096691,2.531562987,2.678687342,2.808209914,2.92318367,3.073677791,3.264323666,3.458586132,3.657047821,3.788513401,3.779180691,3.606514936,3.335098786
Population growth (annual %),SP.POP.GROW,"Gambia, The",GMB,3.127234728,3.164904077,3.197207573,3.200064519,3.163525929,3.106160117,3.043371713,2.996114606,2.970180788,2.974008271,2.995405745,3.018401286,3.030426733,3.034826759,3.026045177,3.008473803
Population growth (annual %),SP.POP.GROW,Georgia,GEO,-1.944629157,-1.551238397,-0.897253673,7.786010249,-9.080638465,-0.635292218,-0.568484712,-0.521646734,-0.303790529,-0.888185043,-0.729475257,-0.80216404,-0.736565519,-0.300972141,0.0469539,0.157481405
Population growth (annual %),SP.POP.GROW,Germany,DEU,0.1354316,0.168225361,0.168128319,0.055363304,-0.021709728,-0.056778262,-0.112797498,-0.133718573,-0.190142845,-0.25338341,-0.153198447,-1.853714629,0.187727801,0.272900215,0.416877359,0.865702644
Population growth (annual %),SP.POP.GROW,Ghana,GHA,2.449490386,2.449526332,2.447184688,2.458459468,2.484618189,2.517455761,2.554408108,2.5799944,2.578727625,2.54383881,2.487041563,2.424369788,2.369475311,2.323851599,2.291780693,2.268814549
Population growth (annual %),SP.POP.GROW,Gibraltar,GIB,1.77909442,1.675241399,1.569792376,1.40126332,1.139239296,0.879864173,0.594275115,0.298802027,0.125231098,0.017877361,0.059568133,0.080360735,0.101103223,0.136624216,0.097898164,0.032611435
Population growth (annual %),SP.POP.GROW,Greece,GRC,0.409041838,0.519884464,0.366566462,0.238643175,0.247413543,0.293249074,0.300331801,0.254757582,0.265457837,0.263026401,0.128880433,-0.147951277,-0.540752951,-0.725120807,-0.66611329,-0.658861361
Population growth (annual %),SP.POP.GROW,Greenland,GRL,0.178094437,0.266548359,0.458574268,0.275195545,0.256870545,0.04216222,-0.283179181,-0.386485847,-0.402186877,-0.008876974,1.028023326,-0.026363197,-0.140721219,-0.577265865,-0.333398667,-0.322038549
Population growth (annual %),SP.POP.GROW,Grenada,GRD,0.390714939,0.403723338,0.372191475,0.35735136,0.32829088,0.300467194,0.25954956,0.24461875,0.252556556,0.315273995,0.418825074,0.528567764,0.606792314,0.671566786,0.67443316,0.637985514
Population growth (annual %),SP.POP.GROW,Guam,GUM,0.889808705,0.687777388,0.494297463,0.343609119,0.243178153,0.190203626,0.155180602,0.125356321,0.118911689,0.119398497,0.136818674,0.155419664,0.190185488,0.256552046,0.378940355,0.518477695
Population growth (annual %),SP.POP.GROW,Guatemala,GTM,2.287977379,2.326255366,2.352842631,2.36059488,2.343802411,2.310407043,2.272339068,2.238733235,2.209666594,2.187979669,2.170655391,2.152851204,2.130983777,2.106192625,2.077687195,2.046250883
Population growth (annual %),SP.POP.GROW,Guinea,GIN,2.282782176,2.117416133,1.987849488,1.926553518,1.953244988,2.03871433,2.148575191,2.238929422,2.291532239,2.290858042,2.259470138,2.215186971,2.19781536,2.235254811,2.342417883,2.48970209
Population growth (annual %),SP.POP.GROW,Guinea-Bissau,GNB,2.032501418,2.125341539,2.204106943,2.273916047,2.325045806,2.365272756,2.39870954,2.43543698,2.476478494,2.52396916,2.573083429,2.618127055,2.651065872,2.660769355,2.645231787,2.610508916
Population growth (annual %),SP.POP.GROW,Guyana,GUY,-0.395485914,-0.2022896,-0.055973344,0.047518948,0.079684486,0.057108387,0.024120506,0.017550711,0.045938803,0.120572634,0.229502209,0.345263366,0.447252918,0.513111451,0.53787404,0.52939348
Population growth (annual %),SP.POP.GROW,Haiti,HTI,1.725004718,1.69881887,1.67407307,1.653508842,1.637876005,1.624945682,1.612725475,1.598145448,1.580356023,1.557952965,1.53214301,1.506269837,1.480132666,1.450208242,1.416131147,1.379519207
Population growth (annual %),SP.POP.GROW,Honduras,HND,2.734716347,2.662582556,2.592802294,2.523064126,2.45520236,2.388293415,2.323164348,2.256419967,2.184288936,2.105493627,2.024510729,1.943145198,1.869298244,1.810108271,1.769416748,1.741494121
Population growth (annual %),SP.POP.GROW,"Hong Kong SAR, China",HKG,0.881594076,0.736962668,0.442846827,-0.197404126,0.779918562,0.436871406,0.642270483,0.859633272,0.598238787,0.215353334,0.734446396,0.672543292,1.103957997,0.401982536,0.702370951,0.851197911
Population growth (annual %),SP.POP.GROW,Hungary,HUN,-0.259764908,-0.229379183,-0.284751377,-0.286433268,-0.221439379,-0.198878843,-0.155716485,-0.154915158,-0.175097367,-0.154908814,-0.226013876,-0.283360436,-0.516437607,-0.275368757,-0.269378767,-0.237855002
Population growth (annual %),SP.POP.GROW,Iceland,ISL,1.369192833,1.329295255,0.892596377,0.69249762,0.877936158,1.582891978,2.34742243,2.530085489,1.859572171,0.341241979,-0.143903,0.305468368,0.532100735,0.9458859,1.112504755,1.041940387
Population growth (annual %),SP.POP.GROW,India,IND,1.768125412,1.728767638,1.689562681,1.651490906,1.61530759,1.57971029,1.545696178,1.50922207,1.46489008,1.4105823,1.350339045,1.28857558,1.231622928,1.18301607,1.145623988,1.116633091
Population growth (annual %),SP.POP.GROW,Indonesia,IDN,1.379909528,1.368094549,1.357351258,1.348842378,1.341877472,1.33630105,1.329580868,1.32383679,1.323330908,1.329218178,1.337774157,1.347997889,1.351892192,1.340921601,1.310876905,1.267465577
Population growth (annual %),SP.POP.GROW,"Iran, Islamic Rep.",IRN,1.261323234,1.250400578,1.249787567,1.237968733,1.208619811,1.169424021,1.129472295,1.101862154,1.093200579,1.108950735,1.142144939,1.175824658,1.205151389,1.239418332,1.278126816,1.316350598
Population growth (annual %),SP.POP.GROW,Iraq,IRQ,3.004659173,2.979294266,2.945827753,2.818021457,2.576587583,2.285938465,1.934347802,1.673193853,1.685735606,2.048283545,2.618942811,3.252703811,3.720640652,3.896253775,3.714855313,3.316223191
Population growth (annual %),SP.POP.GROW,Ireland,IRL,1.333042666,1.59215149,1.685148857,1.628950962,1.828313818,2.178703014,2.696005644,2.890960005,2.038708011,1.015663276,0.544884384,0.436072439,0.423743803,0.526556159,0.731001377,0.944845307
Population growth (annual %),SP.POP.GROW,Isle of Man,IMN,1.229239629,0.985497229,0.788359497,0.720095731,0.80301434,0.982332317,1.212961217,1.37210219,1.325991607,1.034056532,0.568448583,0.034169303,-0.416718917,-0.661094694,-0.582813478,-0.304699076
Population growth (annual %),SP.POP.GROW,Israel,ISR,2.642331913,2.357117299,2.014058394,1.805519759,1.767623642,1.762897661,1.767805874,1.776100869,1.776579106,2.390207338,1.82675241,1.848077862,1.846151321,1.866052895,1.919543799,1.981288976
Population growth (annual %),SP.POP.GROW,Italy,ITA,0.045303631,0.056167601,0.148916429,0.444507313,0.647182705,0.491389108,0.300559689,0.504933687,0.662469253,0.45561345,0.307591222,0.171978291,0.26954124,1.159251117,0.917504096,-0.096376133
Population growth (annual %),SP.POP.GROW,Jamaica,JAM,0.83315911,0.750594162,0.676028327,0.614260869,0.573306846,0.54850826,0.524315914,0.500486864,0.491847719,0.500600485,0.521664591,0.548898908,0.571731466,0.581564956,0.572985316,0.550974945
Population growth (annual %),SP.POP.GROW,Japan,JPN,0.167275578,0.240952588,0.232527187,0.213980949,0.033662258,0.009392097,0.063373589,0.114908848,0.048425395,-0.012494631,0.017960542,-0.185226486,-0.159710676,-0.144271883,-0.132694222,-0.106124994
Population growth (annual %),SP.POP.GROW,Jordan,JOR,1.787101363,1.834569219,1.901746964,2.167663534,2.655147125,3.268279206,3.843317915,4.307743286,4.702766143,5.009055408,5.204766722,5.382885713,5.431586568,5.172912275,4.583580445,3.811240004
Population growth (annual %),SP.POP.GROW,Kazakhstan,KAZ,-0.300549816,-0.170069526,0.004125545,0.336402206,0.694922853,0.888891382,1.057664776,1.143857766,1.21836561,2.637004543,1.413271477,1.431506409,1.408676972,1.439445441,1.472676743,1.461484685
Population growth (annual %),SP.POP.GROW,Kenya,KEN,2.745984467,2.728033491,2.712391179,2.709600176,2.720796213,2.739229463,2.757906955,2.768559996,2.767253963,2.750846669,2.722585637,2.693732572,2.66270486,2.618524437,2.55944065,2.491936871
Population growth (annual %),SP.POP.GROW,Kiribati,KIR,1.701680563,1.706993194,1.681779592,1.737298151,1.855808443,1.997615982,2.162211648,2.288568473,2.288002803,2.172441727,1.959279184,1.734651379,1.555706939,1.41886073,1.381643013,1.397075206
Population growth (annual %),SP.POP.GROW,"Korea, Dem. People’s Rep.",PRK,0.865491998,0.885354906,0.888588547,0.865896472,0.805099507,0.719764499,0.628442622,0.553310536,0.502330274,0.485034513,0.492046502,0.506069264,0.514319797,0.518158546,0.513332499,0.501900028
Population growth (annual %),SP.POP.GROW,"Korea, Rep.",KOR,0.836180864,0.767241775,0.577957277,0.518321453,0.396331437,0.211997784,0.52519994,0.505234033,0.759316682,0.514682828,0.498225084,0.768971759,0.525713661,0.455218622,0.628149861,0.527288497
Population growth (annual %),SP.POP.GROW,Kosovo,XKX,-3.582127645,0.067859323,0.067930793,0.067884679,0.067838626,0.067909885,0.803200286,0.803261833,0.803213478,0.803171845,0.803248961,0.859067492,0.789726589,1.041532574,-0.126169138,-1.103885809
Population growth (annual %),SP.POP.GROW,Kuwait,KWT,4.678993919,2.80410475,1.590259062,1.145914378,1.782025545,3.118608063,4.457107085,5.345891786,5.892757909,6.028276352,5.879590562,5.721612386,5.549848598,5.165338271,4.561042817,3.844181983
Population growth (annual %),SP.POP.GROW,Kyrgyz Republic,KGZ,1.191125924,0.948856614,0.917899317,1.048444924,1.210105425,1.127864459,1.075051294,0.953586964,0.950220145,1.207265644,1.192864429,1.216890729,1.665236559,1.984738667,2.006107899,2.059025966
Population growth (annual %),SP.POP.GROW,Lao PDR,LAO,1.67356146,1.600327521,1.534751208,1.506710686,1.522747766,1.567736845,1.627903424,1.677145842,1.695765498,1.672871607,1.621970051,1.562373505,1.516011911,1.490482499,1.493868185,1.515739448
Population growth (annual %),SP.POP.GROW,Latvia,LVA,-0.963935407,-1.291486944,-1.161838224,-0.966400801,-1.091312956,-1.080571457,-0.917272957,-0.816175507,-1.050939544,-1.651024968,-2.08130509,-1.820767002,-1.240359153,-1.071034803,-0.941743354,-0.818626341
Population growth (annual %),SP.POP.GROW,Lebanon,LBN,2.503561342,3.784653409,4.679654278,4.812037969,4.04180915,2.792219198,1.289649355,0.159356026,-0.054615545,1.008281138,2.867977696,4.910333173,6.263879893,6.567952103,5.713767406,4.225187136
Population growth (annual %),SP.POP.GROW,Lesotho,LSO,0.645178652,0.144326841,-0.290783611,-0.567219802,-0.616657621,-0.491048834,-0.309830549,-0.151727736,0.010417581,0.150958226,0.27347703,0.410365414,0.557534246,0.669173754,0.732722394,0.759743303
Population growth (annual %),SP.POP.GROW,Liberia,LBR,5.363199244,3.635837846,2.368602914,1.7152445,1.886286234,2.595928712,3.393924383,3.908540976,4.129405005,3.974256763,3.590031659,3.188794759,2.90010564,2.688021909,2.583161272,2.552864685
Population growth (annual %),SP.POP.GROW,Libya,LBY,1.541621852,1.580551402,1.600878048,1.604426812,1.58170034,1.537292995,1.510586351,1.482366166,1.395472943,1.23412792,1.032782823,0.799933426,0.611354689,0.549084368,0.657259875,0.88070131
Population growth (annual %),SP.POP.GROW,Liechtenstein,LIE,1.258488552,1.102864211,0.969887925,0.86990292,0.807266832,0.754720564,0.737629451,0.703836949,0.718654066,0.719124423,0.744555245,0.827262731,0.88331073,0.867454351,0.779431377,0.661376301
Population growth (annual %),SP.POP.GROW,Lithuania,LTU,-0.70338544,-0.824008723,-0.802765711,-0.812278097,-1.122991275,-1.628401126,-1.596378318,-1.187947957,-1.028483175,-1.110345754,-2.09694342,-2.258463899,-1.341201988,-1.012007368,-0.859827343,-0.940753797
Population growth (annual %),SP.POP.GROW,Luxembourg,LUX,1.344082996,1.190456345,1.047660816,1.21520088,1.421332565,1.530054663,1.595051918,1.544386847,1.787496632,1.85177523,1.825405804,2.222660503,2.4015419,2.311176253,2.356978705,2.359951181
Population growth (annual %),SP.POP.GROW,"Macao SAR, China",MAC,2.221643908,2.346362782,2.454679671,2.496097626,2.45396865,2.359780725,2.240593723,2.146109152,2.104122736,2.143050933,2.220416052,2.316432195,2.369353556,2.336337476,2.198824434,1.992361421
Population growth (annual %),SP.POP.GROW,North Macedonia,MKD,0.513647494,0.393510415,0.297475395,0.219288818,0.176232762,0.156655294,0.138623354,0.111176871,0.091319589,0.083455185,0.082226596,0.084282115,0.086380594,0.086209706,0.082237124,0.074715496
Population growth (annual %),SP.POP.GROW,Madagascar,MDG,3.119708696,3.085857705,3.053493767,3.019969277,2.986676242,2.953901101,2.921158358,2.888251621,2.85559833,2.823486815,2.792666771,2.761889589,2.733967919,2.71321242,2.700996011,2.694213382
Population growth (annual %),SP.POP.GROW,Malawi,MWI,2.676475988,2.508833906,2.4339583,2.416570938,2.48269491,2.600569615,2.716977602,2.797825936,2.852711626,2.874008503,2.870717182,2.864435231,2.858692113,2.838417615,2.80309477,2.7594617
Population growth (annual %),SP.POP.GROW,Malaysia,MYS,2.324616941,2.195503714,2.083956653,2.005612012,1.971754459,1.96526211,1.970866088,1.959194058,1.911365204,1.815674781,1.691027071,1.55799095,1.445660673,1.369113713,1.340490659,1.344947677
Population growth (annual %),SP.POP.GROW,Maldives,MDV,2.123695132,2.442388032,2.715105144,2.847383288,2.795858615,2.645060548,2.435311476,2.31865226,2.441248168,2.854753665,3.431139266,3.95667434,4.306004329,4.517333607,4.567409729,4.473007506
Population growth (annual %),SP.POP.GROW,Mali,MLI,2.811836032,2.927154179,3.017352755,3.100371029,3.173547603,3.233152498,3.294217928,3.337406268,3.329047326,3.261149086,3.158626749,3.044593573,2.952565219,2.901062154,2.901921705,2.935992047
Population growth (annual %),SP.POP.GROW,Malta,MLT,0.645267231,0.751106498,0.745506921,0.657732334,0.671628455,0.637436918,0.364336947,0.348755082,0.650655461,0.753906931,0.491182811,0.423700885,0.899209212,1.404050276,1.996754408,2.386395363
Population growth (annual %),SP.POP.GROW,Marshall Islands,MHL,0.652330929,1.309536698,1.826781184,2.052497732,1.890135209,1.425288859,0.91691703,0.507969398,0.219202583,0.135202468,0.206009876,0.292302041,0.328482918,0.388896711,0.422374157,0.453681701
Population growth (annual %),SP.POP.GROW,Mauritania,MRT,2.644090516,2.707315439,2.762661377,2.805704365,2.83295016,2.84911836,2.859079051,2.870166292,2.884475505,2.905320265,2.926799928,2.945519925,2.954438464,2.949158239,2.927320332,2.893574072
Population growth (annual %),SP.POP.GROW,Mauritius,MUS,0.982676166,0.790047581,0.694240135,0.723661766,0.627103982,0.59209966,0.466403526,0.455526401,0.361630847,0.265537673,0.237886693,0.160140421,0.277321026,0.220398692,0.181061469,0.132433083
Population growth (annual %),SP.POP.GROW,Mexico,MEX,1.441087472,1.403960865,1.373013961,1.363786131,1.381467019,1.415822666,1.456207605,1.486064475,1.495369111,1.476757594,1.438141533,1.394792539,1.355289252,1.315560984,1.277676363,1.241177725
Population growth (annual %),SP.POP.GROW,"Micronesia, Fed. Sts.",FSM,-0.352258675,-0.213445263,-0.133518225,-0.120599647,-0.258516671,-0.466267049,-0.716787939,-0.883641333,-0.866405724,-0.550074504,-0.062170329,0.522386716,1.015608183,1.349625109,1.424765867,1.339571942
Population growth (annual %),SP.POP.GROW,Moldova,MDA,-0.203359857,-0.223626544,-0.231579736,-0.281594716,-0.247449868,-0.24330723,-0.277923569,-0.231747161,-0.190345178,-0.126238295,-0.099864634,-0.057820587,-0.01311889,-0.026776865,-0.060970101,-0.064383615
Population growth (annual %),SP.POP.GROW,Monaco,MCO,0.947015251,0.999745238,1.029483938,1.052178478,1.041222856,1.018674446,1.020102036,0.975049564,1.000051564,1.010023137,1.08982134,1.150272329,1.203038625,1.20228817,1.134431416,1.055446898
Population growth (annual %),SP.POP.GROW,Mongolia,MNG,0.887923091,0.920495284,0.974043757,1.037909511,1.112927846,1.195877528,1.275541946,1.357140897,1.457356633,1.579392665,1.709445872,1.83843533,1.942381267,2.001051262,2.00339925,1.964550454
Population growth (annual %),SP.POP.GROW,Montenegro,MNE,-0.027974019,0.402363248,0.400750772,0.399151169,0.177216476,0.147929262,0.124299813,0.138110348,0.177475867,0.214529296,0.183239906,0.105041772,0.084147408,0.097599637,0.097022011,0.056110724
Population growth (annual %),SP.POP.GROW,Morocco,MAR,1.18141041,1.148669219,1.121322244,1.107806757,1.109662648,1.123811218,1.139811914,1.158636566,1.190237718,1.23619458,1.289222897,1.346536709,1.393605966,1.415232839,1.403845047,1.368838447
Population growth (annual %),SP.POP.GROW,Mozambique,MOZ,2.676309529,2.83852544,2.932489207,2.976679703,2.953464449,2.887865831,2.820144111,2.775188458,2.745479417,2.736925889,2.743721432,2.749233949,2.753116358,2.769039684,2.798568532,2.834860784
Population growth (annual %),SP.POP.GROW,Myanmar,MMR,1.159581323,1.076001574,1.005095607,0.932142376,0.859414762,0.790533451,0.714756263,0.647832474,0.619115071,0.640299595,0.694989178,0.767385401,0.826303883,0.849756952,0.822712022,0.762033335
Population growth (annual %),SP.POP.GROW,Namibia,NAM,1.726197374,1.608605476,1.515649273,1.4793442,1.511993064,1.589970222,1.688022879,1.769704072,1.821326286,1.825753998,1.801512464,1.769492384,1.750389687,1.749070286,1.77153652,1.807851372
Population growth (annual %),SP.POP.GROW,Nauru,NRU,-1.077658847,-1.187246332,-1.112380422,-1.074851112,-0.924815598,-0.536682975,-0.213447253,0.142348778,0.496631031,0.484115923,0.661855605,0.518394143,2.183406957,5.138571156,9.109230951,5.114564154
Population growth (annual %),SP.POP.GROW,Nepal,NPL,1.817273368,1.681592739,1.542724377,1.426524776,1.340497508,1.271055309,1.243735705,1.204561266,1.070696422,0.810307142,0.481206223,0.10443136,-0.190907924,-0.266959829,-0.040799013,0.400968922
Population growth (annual %),SP.POP.GROW,Netherlands,NLD,0.714770363,0.754840058,0.638291666,0.471814399,0.347475412,0.233663148,0.160613669,0.217521601,0.389292461,0.514284545,0.512923101,0.466428782,0.370055035,0.294820793,0.359828173,0.443220089
Population growth (annual %),SP.POP.GROW,New Caledonia,NCL,1.901374378,1.901793221,1.898811419,1.703765144,1.521461098,1.518467354,1.495754382,1.473710882,1.452307684,1.309615607,1.533215429,1.825085374,1.811679043,1.779440428,1.65510643,1.6098044
Population growth (annual %),SP.POP.GROW,New Zealand,NZL,0.587564086,0.589286035,1.737174864,1.973558544,1.486219082,1.12877351,1.21898486,0.932407688,0.848701402,0.999728031,1.111726056,0.762479795,0.548220797,0.768347998,1.510339485,1.889045125
Population growth (annual %),SP.POP.GROW,Nicaragua,NIC,1.555883066,1.489336824,1.427215419,1.384988584,1.366571663,1.36539626,1.370910713,1.374179594,1.374697898,1.368535989,1.357700656,1.34688315,1.337558375,1.327178181,1.315508853,1.302091432
Population growth (annual %),SP.POP.GROW,Niger,NER,3.60876885,3.637791569,3.664514485,3.688328598,3.709076163,3.7278624,3.742123504,3.756527931,3.77853074,3.809711497,3.844154032,3.876360997,3.898694473,3.907245338,3.899889965,3.881581481
Population growth (annual %),SP.POP.GROW,Nigeria,NGA,2.503846969,2.511616536,2.521515111,2.537254552,2.55966188,2.585689094,2.610843826,2.632173264,2.649864293,2.662916691,2.671442933,2.677883827,2.680913555,2.676900328,2.665019173,2.6474192
Population growth (annual %),SP.POP.GROW,Northern Mariana Islands,MNP,3.213674851,1.499501208,0.169606263,-0.812949728,-1.217102868,-1.237404617,-1.17414001,-1.193522777,-1.081544354,-0.79399046,-0.410488354,0.075937883,0.552054059,0.867139583,0.946513983,0.855206185
Population growth (annual %),SP.POP.GROW,Norway,NOR,0.649044821,0.506046911,0.539290805,0.586532692,0.59093094,0.681072964,0.805392739,1.034734515,1.246333015,1.261127289,1.24566618,1.297189391,1.313440989,1.209141589,1.127736677,0.995084737
Population growth (annual %),SP.POP.GROW,Oman,OMN,0.577908105,1.182980461,1.723478993,2.173681819,2.456865875,2.652448284,2.730211888,2.917397634,3.469390162,4.451407873,5.58640038,6.666674659,7.32038057,7.349640007,6.739017689,5.790631303
Population growth (annual %),SP.POP.GROW,Pakistan,PAK,2.647398688,2.521498071,2.41700998,2.341923724,2.305981732,2.296422881,2.29323254,2.28167066,2.26305181,2.233333997,2.197033999,2.159028902,2.126711756,2.103632169,2.092276276,2.087629055
Population growth (annual %),SP.POP.GROW,Palau,PLW,1.737062235,1.460107517,1.28643857,0.872083811,0.292368391,-0.433818275,-1.225823442,-1.974326365,-2.398297823,-2.265635313,-1.821242392,-1.176484158,-0.593473552,-0.192929754,0.113533164,0.221019613
Population growth (annual %),SP.POP.GROW,Panama,PAN,1.970629913,1.938630408,1.908747327,1.882967812,1.861870367,1.844444342,1.828377907,1.811763539,1.794311712,1.776150401,1.757809351,1.736185243,1.715705644,1.704287378,1.703029701,1.707123796
Population growth (annual %),SP.POP.GROW,Papua New Guinea,PNG,2.273150029,2.149307733,2.054067621,2.025000542,2.081040803,2.189462195,2.313211289,2.40240595,2.433061143,2.387696103,2.293116811,2.187683876,2.102969323,2.041359054,2.01278982,2.00628287
Population growth (annual %),SP.POP.GROW,Paraguay,PRY,2.027708224,1.957772257,1.889000794,1.809659732,1.717219568,1.619245662,1.518486779,1.430860613,1.372056297,1.350354378,1.354323861,1.366354548,1.372544496,1.372824764,1.361597664,1.342858435
Population growth (annual %),SP.POP.GROW,Peru,PER,1.452875982,1.274316577,1.119423875,0.995940286,0.916382108,0.871984041,0.843022977,0.818629744,0.805922327,0.803205826,0.812933092,0.811930737,0.825138039,0.901475426,1.056972861,1.256186053
Population growth (annual %),SP.POP.GROW,Philippines,PHL,2.1590432,2.132604802,2.101921201,2.051819246,1.977348825,1.889366661,1.793723347,1.711104341,1.65996179,1.649857391,1.666112353,1.691813951,1.704126853,1.692082958,1.646689216,1.579367402
Population growth (annual %),SP.POP.GROW,Poland,POL,-1.044335398,-0.027587125,-0.046318937,-0.067492702,-0.058512735,-0.043948953,-0.063370574,-0.054305021,0.01363738,0.067763227,-0.285609122,0.053769709,-0.000239076,-0.060360017,-0.074846229,-0.066641101
Population growth (annual %),SP.POP.GROW,Portugal,PRT,0.702859953,0.705230637,0.54766794,0.375411415,0.23912899,0.185532267,0.180332441,0.196304384,0.14419128,0.095330859,0.045910037,-0.147084879,-0.405421788,-0.548815211,-0.539190467,-0.414141102
Population growth (annual %),SP.POP.GROW,Puerto Rico,PRI,0.276558689,0.214145951,0.128937306,0.062589906,0.020462636,-0.144242361,-0.423467205,-0.585620757,-0.586677392,-0.545401894,-0.506170057,-1.156540293,-1.209987934,-1.145930978,-1.633128331,-1.761108524
Population growth (annual %),SP.POP.GROW,Qatar,QAT,3.780297533,3.73449167,4.118172767,6.18952516,9.978992947,13.87016276,16.70019074,17.5109483,16.47580277,14.14463415,11.48290073,9.232393296,7.574748356,6.201453325,5.114952657,4.239996291
Population growth (annual %),SP.POP.GROW,Romania,ROU,-0.12944004,-1.395429986,-1.830654994,-0.721262297,-0.569786273,-0.617530957,-0.59240256,-1.477222982,-1.666382643,-0.833088755,-0.593959184,-0.491866213,-0.445177936,-0.371323063,-0.374575498,-0.470733511
Population growth (annual %),SP.POP.GROW,Russian Federation,RUS,-0.420566975,-0.424151028,-0.460061305,-0.45371986,-0.40261376,-0.381473696,-0.327318706,-0.171024042,-0.043942262,0.030114067,0.04488739,0.077967098,0.168301591,0.212923595,0.217700101,0.192558642
Population growth (annual %),SP.POP.GROW,Rwanda,RWA,5.604957424,3.680935197,2.352149019,1.532051953,1.431341925,1.822930211,2.271704584,2.516033988,2.668241259,2.67516791,2.588850081,2.498503397,2.459912832,2.451902154,2.485533644,2.542690207
Population growth (annual %),SP.POP.GROW,Samoa,WSM,0.485545238,0.536237229,0.577035646,0.608663868,0.621221183,0.634635709,0.63726807,0.644768878,0.666287719,0.703066087,0.75195021,0.814105584,0.859901676,0.857813872,0.785509787,0.669894192
Population growth (annual %),SP.POP.GROW,San Marino,SMR,1.161036354,1.266435134,1.296747769,1.36421031,1.314755817,1.318157216,1.274075245,1.214813394,1.226522475,1.247363112,1.331311467,1.373848926,1.392614169,1.385774906,1.206103077,0.978564136
Population growth (annual %),SP.POP.GROW,Sao Tome and Principe,STP,1.63209054,1.73722302,1.8426131,1.992935141,2.184520968,2.400431442,2.637759345,2.816812807,2.857167858,2.74141365,2.523663955,2.27636955,2.080905702,1.935980106,1.877243676,1.875249494
Population growth (annual %),SP.POP.GROW,Saudi Arabia,SAU,2.297383091,2.574033854,2.802785914,2.943308391,2.965968322,2.911888477,2.823882799,2.76284419,2.756786089,2.824933954,2.927617708,3.039332443,3.091355922,3.03136125,2.835954922,2.556784389
Population growth (annual %),SP.POP.GROW,Senegal,SEN,2.365148022,2.403785669,2.437102906,2.475669728,2.516259221,2.557495148,2.600244467,2.642725229,2.681436493,2.714923677,2.743232171,2.766679226,2.785660419,2.799058899,2.806700536,2.80841559
Population growth (annual %),SP.POP.GROW,Serbia,SRB,-0.319524801,-0.171946647,-0.09214695,-0.212738009,-0.233328452,-0.300431133,-0.393204593,-0.405458542,-0.425705552,-0.400994905,-0.402005901,-0.789468998,-0.485299545,-0.486591387,-0.469489291,-0.494772574
Population growth (annual %),SP.POP.GROW,Seychelles,SYC,0.892658567,0.087474518,3.057385326,-1.131516421,-0.370334935,0.463308214,2.080596735,0.510514983,2.236282715,0.392530948,2.792329069,-2.628656355,0.98098019,1.846876093,1.555395709,2.229795053
Population growth (annual %),SP.POP.GROW,Sierra Leone,SLE,2.701472756,3.630497861,4.356605159,4.629680809,4.380948111,3.820687703,3.200538522,2.714402446,2.37522009,2.242996189,2.252551979,2.274655942,2.249914334,2.230392163,2.206884922,2.181626694
Population growth (annual %),SP.POP.GROW,Singapore,SGP,1.732042233,2.697355843,0.912639806,-1.474532842,1.251916673,2.350511289,3.129389156,4.166002864,5.321517083,3.015949915,1.771832879,2.084902456,2.45339033,1.619308099,1.298440178,1.186376937
Population growth (annual %),SP.POP.GROW,Sint Maarten (Dutch part),SXM,-1.834377687,0.265056848,0.576764882,2.233060387,3.177252874,1.597004887,1.294185282,1.100350126,0.451494681,0.803499822,-0.532990983,-1.840297302,3.540582819,5.523039526,2.902265834,2.980223174
Population growth (annual %),SP.POP.GROW,Slovak Republic,SVK,-0.135376488,-0.183012271,-0.036352551,-0.065821507,-0.02036172,0.009809134,0.004597119,0.029178401,0.0857553,0.133257321,0.093191273,0.128936463,0.170183855,0.107458009,0.097045422,0.095033879
Population growth (annual %),SP.POP.GROW,Slovenia,SVN,0.29607496,0.157498742,0.123915442,0.060296779,0.064066202,0.173208905,0.319114537,0.559207816,0.158140844,0.903875535,0.436079485,0.207732702,0.210024306,0.135726229,0.098351922,0.075190689
Population growth (annual %),SP.POP.GROW,Solomon Islands,SLB,2.720230214,2.697736168,2.67372707,2.625798347,2.544872285,2.451286334,2.347120772,2.271755407,2.255864668,2.321267536,2.431469624,2.554885538,2.650154869,2.70923321,2.718366576,2.695347241
Population growth (annual %),SP.POP.GROW,Somalia,SOM,3.657651516,3.483062821,3.367354455,3.252075163,3.157150271,3.077643583,2.989666515,2.895419473,2.821405647,2.773317812,2.745705976,2.722661885,2.703899313,2.701534265,2.717471318,2.74531815
Population growth (annual %),SP.POP.GROW,South Africa,ZAF,1.409028824,1.33329297,1.263918219,1.22383854,1.217777186,1.23775315,1.263600129,1.291494336,1.334129265,1.391533479,1.455280038,1.525314084,1.583107137,1.605751699,1.583168287,1.528926307
Population growth (annual %),SP.POP.GROW,South Sudan,SSD,4.377290907,3.928635637,3.661076537,3.632985851,3.925508889,4.37488994,4.81172748,5.02780406,4.948207021,4.53476108,3.926432203,3.333810644,2.837576117,2.358727149,1.911562502,1.511743983
Population growth (annual %),SP.POP.GROW,Spain,ESP,0.447137015,0.694068084,1.412595405,1.808454468,1.725466303,1.689349047,1.690352556,1.851081308,1.595330499,0.885735981,0.460408305,0.355338396,0.064925963,-0.32766904,-0.298951059,-0.077588862
Population growth (annual %),SP.POP.GROW,Sri Lanka,LKA,0.610655198,0.711764113,0.793974563,0.8439313,0.84492071,0.810825506,0.769526256,0.738897291,0.7128032,0.695753117,0.684554667,0.673547206,0.12899381,0.780301448,0.933207943,0.919811027
Population growth (annual %),SP.POP.GROW,St. Kitts and Nevis,KNA,1.04918397,1.184139782,1.261101335,1.27819056,1.255582912,1.144022522,1.023406953,0.923080243,0.84824868,0.855518526,0.854382086,0.875461346,0.885905889,0.886074168,0.876322308,0.841371154
Population growth (annual %),SP.POP.GROW,St. Lucia,LCA,1.112534091,0.920910391,0.763927373,0.71142641,0.797904626,0.984532893,1.194668677,1.356095492,1.405028296,1.291539494,1.07651499,0.834603805,0.625800617,0.489611577,0.440124485,0.464437831
Population growth (annual %),SP.POP.GROW,St. Martin (French part),MAF,2.871312571,3.123340228,3.479441884,3.631102659,3.473731751,3.15000686,2.846849807,2.522060429,2.048769313,1.325057765,0.546967038,-0.362531719,-1.173876887,-1.513736671,-1.208824125,-0.436882417
Population growth (annual %),SP.POP.GROW,St. Vincent and the Grenadines,VCT,0.024125229,0.103857576,0.186117196,0.211622688,0.171556688,0.093954669,-0.010128121,-0.078297359,-0.115254656,-0.097840141,-0.029555468,0.056332567,0.109803426,0.172305013,0.219787382,0.263292035
Population growth (annual %),SP.POP.GROW,Sudan,SDN,2.406337007,2.52001091,2.589239898,2.598743824,2.526075288,2.404558001,2.275427246,2.183064903,2.140712731,2.163163278,2.228215581,2.302617,2.359799549,2.398943982,2.412115688,2.407212277
Population growth (annual %),SP.POP.GROW,Suriname,SUR,1.188478789,1.188369369,1.179804552,1.176499923,1.168896208,1.165001501,1.160689372,1.158131779,1.155702231,1.15129214,1.144235961,1.136523212,1.127077102,1.110861225,1.087089694,1.05537038
Population growth (annual %),SP.POP.GROW,Eswatini,SWZ,1.132971,0.809694554,0.536242324,0.366626738,0.340054049,0.417431988,0.533516276,0.631152444,0.697031443,0.713864393,0.694531003,0.673417714,0.674565152,0.697191862,0.750005807,0.820626097
Population growth (annual %),SP.POP.GROW,Sweden,SWE,0.160575485,0.268470528,0.325438068,0.372092943,0.393298991,0.399942763,0.562483906,0.741552515,0.779033291,0.851904413,0.852524629,0.755150134,0.739763272,0.847348652,0.992219729,1.057454686
Population growth (annual %),SP.POP.GROW,Switzerland,CHE,0.561954617,0.632771238,0.756469146,0.741919603,0.68742596,0.64060154,0.627558473,0.893690978,1.270618074,1.249484631,1.041558058,1.111878943,1.061819329,1.149879758,1.220103973,1.138337152
Population growth (annual %),SP.POP.GROW,Syrian Arab Republic,SYR,2.44801766,2.144390666,1.879285974,1.916484603,2.341624702,2.947799641,3.731453234,4.207340264,3.876852433,2.588327688,0.736023435,-1.31729901,-3.084734319,-4.289117543,-4.536564951,-3.913350021
Population growth (annual %),SP.POP.GROW,Tajikistan,TJK,1.567476716,1.630242567,1.700327656,1.768650961,1.83044471,1.887280763,1.943860713,2.003390646,2.063579235,2.124626984,2.184338722,2.234800036,2.277533217,2.321266395,2.367163928,2.408647884
Population growth (annual %),SP.POP.GROW,Tanzania,TZA,2.468918042,2.612435612,2.722265737,2.799005202,2.82715423,2.823744969,2.816486992,2.823944134,2.841470416,2.872967915,2.91186387,2.94803624,2.97488817,2.993448581,3.002104081,3.00254051
Population growth (annual %),SP.POP.GROW,Thailand,THA,1.04442413,0.927424589,0.83050102,0.747605587,0.687690282,0.645482185,0.604057085,0.55991981,0.525822896,0.503540016,0.489609257,0.480063003,0.469250687,0.453807163,0.430842722,0.402150718
Population growth (annual %),SP.POP.GROW,Timor-Leste,TLS,1.277967574,1.887173918,2.355490863,2.611547913,2.583258506,2.363269025,2.117532827,1.944699501,1.820376366,1.769866286,1.775671712,1.779013816,1.76689539,1.77593765,1.807556089,1.853650827
Population growth (annual %),SP.POP.GROW,Togo,TGO,2.966857997,2.767082098,2.621383408,2.538361743,2.539900508,2.597288842,2.659433782,2.69597392,2.716994889,2.714801699,2.696455516,2.677515307,2.660849964,2.635744685,2.601149524,2.560945092
Population growth (annual %),SP.POP.GROW,Tonga,TON,0.502418493,0.523262927,0.54174879,0.570966906,0.629609651,0.683166691,0.790681822,0.856643204,0.774911627,0.493080041,0.092362761,-0.408580752,-0.799814248,-0.947661184,-0.729800671,-0.244786034
Population growth (annual %),SP.POP.GROW,Trinidad and Tobago,TTO,0.254436375,0.352846314,0.437924544,0.495632801,0.510087434,0.493230594,0.466245795,0.451166827,0.456900692,0.492303222,0.544870372,0.602856207,0.644464454,0.658363989,0.636369332,0.584484971
Population growth (annual %),SP.POP.GROW,Tunisia,TUN,0.980882557,0.877370925,0.786654393,0.747117198,0.771255024,0.839527992,0.930113754,1.009589214,1.059000757,1.062668312,1.035407586,0.997672882,0.973860812,0.972018923,1.001545789,1.049753044
Population growth (annual %),SP.POP.GROW,Turkey,TUR,1.518097003,1.494229784,1.473881037,1.438721295,1.384733924,1.323138268,1.248866309,1.192794254,1.195376089,1.2738919,1.40009289,1.532400817,1.632957935,1.694202585,1.701972386,1.666051682
Population growth (annual %),SP.POP.GROW,Turkmenistan,TKM,1.113271534,1.056152094,1.001132397,0.98725697,1.018435274,1.083638122,1.159749971,1.240314446,1.338519183,1.451936718,1.570268795,1.693237552,1.796928924,1.852083285,1.8454459,1.79414627
Population growth (annual %),SP.POP.GROW,Turks and Caicos Islands,TCA,5.604464291,6.754369657,7.408810585,7.378508945,6.534783731,5.394894106,4.207599856,3.326056056,2.653312974,2.318907759,2.247981462,2.171595248,2.043277942,1.933284045,1.820307038,1.715529108
Population growth (annual %),SP.POP.GROW,Tuvalu,TUV,0.512274333,0.95349806,1.174017677,1.3456367,1.459581921,1.31865618,1.192857087,0.993076349,0.905776828,1.060864419,1.011748632,0.973404652,0.991960221,1.092805837,1.053653983,1.150844109
Population growth (annual %),SP.POP.GROW,Uganda,UGA,2.994744575,3.076051127,3.141292536,3.180443386,3.184797799,3.167952398,3.15330824,3.151819494,3.155897382,3.167519504,3.186619069,3.182881931,3.181665327,3.234464508,3.352319631,3.496089167
Population growth (annual %),SP.POP.GROW,Ukraine,UKR,-1.006596332,-1.005494764,-0.993677409,-0.811436362,-0.758627911,-0.732790732,-0.676092035,-0.596804887,-0.541462211,-0.443932417,-0.397285236,-0.359480081,-0.24709923,-0.22770475,-0.479615926,-0.260805738
Population growth (annual %),SP.POP.GROW,United Arab Emirates,ARE,5.510421986,5.241614185,5.193472662,6.487170055,9.173909057,12.02016527,14.42464112,15.17708393,13.91024929,11.04463501,7.687054686,4.536347626,2.154163159,0.614129704,0.176677484,0.52741154
Population growth (annual %),SP.POP.GROW,United Kingdom,GBR,0.357300887,0.38497597,0.42333708,0.465641114,0.568943113,0.686611306,0.735048678,0.778666112,0.787032622,0.75639086,0.783888647,0.781677289,0.695315843,0.669533807,0.753349499,0.794967909
Population growth (annual %),SP.POP.GROW,United States,USA,1.112768997,0.989741382,0.927797486,0.859481713,0.925483969,0.921713167,0.964253917,0.951055243,0.945865287,0.876651299,0.829274641,0.726014424,0.733617007,0.693255125,0.734092817,0.737335445
Population growth (annual %),SP.POP.GROW,Uruguay,URY,0.353785697,0.172665794,0.017048753,-0.071341481,-0.06597299,0.009844536,0.108256053,0.1907123,0.253958113,0.282665228,0.286155214,0.287119697,0.297573927,0.309230785,0.323864956,0.339819684
Population growth (annual %),SP.POP.GROW,Uzbekistan,UZB,1.383746821,1.265968533,1.223831519,1.163675244,1.153769215,1.163350224,1.220216354,1.423474897,1.605327363,1.687340969,2.822849683,2.684015505,1.472099988,1.561904333,1.686900359,1.744258375
Population growth (annual %),SP.POP.GROW,Vanuatu,VUT,2.024441334,2.270061214,2.454062847,2.565307047,2.564357581,2.494027564,2.402086923,2.35211677,2.355931881,2.436866519,2.557282765,2.690696588,2.782246791,2.819993478,2.786992876,2.707363995
Population growth (annual %),SP.POP.GROW,"Venezuela, RB",VEN,1.888574407,1.859333084,1.825033447,1.781677529,1.726465317,1.662677907,1.568073774,1.469276459,1.414738074,1.419817009,1.448313355,1.564456214,1.627755571,1.424031969,0.874378499,0.1220584
Population growth (annual %),SP.POP.GROW,Vietnam,VNM,1.100434447,1.035890897,0.976003679,0.936612605,0.920597204,0.922547993,0.931889277,0.943390357,0.959820468,0.97942427,1.000121995,1.022304796,1.042047722,1.053406156,1.053479554,1.043962275
Population growth (annual %),SP.POP.GROW,Virgin Islands (U.S.),VIR,0.039587371,-0.085638913,-0.035934931,-0.003686364,-0.035949174,-0.01198593,-0.076559441,-0.029532555,0.055366388,0.005534953,-0.043365335,-0.060927766,-0.093309874,-0.135963209,-0.148197574,-0.161414546
Population growth (annual %),SP.POP.GROW,West Bank and Gaza,PSE,2.555235698,2.55526757,2.555284566,2.555247556,2.555275892,2.555262373,2.555258675,2.55525196,2.751358802,2.667950749,2.597032218,2.525186831,2.46768715,2.40084832,2.344077211,2.290480058
Population growth (annual %),SP.POP.GROW,"Yemen, Rep.",YEM,2.842718999,2.883516135,2.889574977,2.89268329,2.881946827,2.861969216,2.84483564,2.834913307,2.824209878,2.811865495,2.795788046,2.779987563,2.757338894,2.71651973,2.654140956,2.578072024
Population growth (annual %),SP.POP.GROW,Zambia,ZMB,2.679438703,2.617613989,2.58051991,2.564827878,2.577369297,2.611388183,2.640770646,2.670264818,2.72641516,2.813365844,2.914662962,3.020290578,3.102770166,3.139812131,3.121304561,3.066874538
Population growth (annual %),SP.POP.GROW,Zimbabwe,ZWE,0.495761344,0.356533064,0.254424632,0.233400843,0.314038975,0.471328563,0.650310828,0.82282469,1.003658812,1.183792351,1.353892567,1.536390806,1.698000772,1.777644933,1.754692348,1.663812851
